priority,client,nome_retain,renocao_prevista,fy24_total_hours,horas_demanda,trimestral,senior,staff3,staff2,trainee,horas_locadas,01-07-2023,08-07-2023,15-07-2023,22-07-2023,29-07-2023,05-08-2023,12-08-2023,19-08-2023,26-08-2023,02-09-2023,09-09-2023,16-09-2023,23-09-2023,30-09-2023,07-10-2023,14-10-2023,21-10-2023,28-10-2023,04-11-2023,11-11-2023,18-11-2023,25-11-2023,02-12-2023,09-12-2023,16-12-2023,23-12-2023,30-12-2023,06-01-2024,13-01-2024,20-01-2024,27-01-2024,03-02-2024,10-02-2024,17-02-2024,24-02-2024,02-03-2024,09-03-2024,16-03-2024,23-03-2024,30-03-2024,06-04-2024,13-04-2024,20-04-2024,27-04-2024,04-05-2024,11-05-2024,18-05-2024,25-05-2024,01-06-2024,08-06-2024,15-06-2024,22-06-2024
1,SUL AMERICA,SUL AMERICA, Yes ,32000,18201,Yes,7,0,3,2,,,,,,,,,,,,,,,,,,,,,,,,,,,F,F,,,,,,,,,,,,,,,,,,,,,,F,F,F,F
1,REDE DOR,REDE DOR, Yes ,31000,18850,Yes,6,0,3,2,,,,,,,,,,,,,,,,,,,,,,,,,,,F,F,,,,,,,,,,,,,,,,,,,,,,F,F,F,F
1,TIM,TIM, Yes ,40500,16400,Yes,9,0,3,2,,,,,,,,,,,,,,,,,,,,,,,,,,,F,F,,,,,,,,,,,,,,,,,,,,,,F,F,F,F
1,GLOBO - GLOBO,GLOBO, Yes ,16500,11550,Yes,3,0,3,2,,,,,,,,,,,,,,,,,,,,,,,,,,,F,F,,,,,,,,,,,,,,,,,,,,,,F,F,F,F
2,BROOKFIELD ENERGY (ELERA),ELERA, Yes ,15000,12000,Yes,3,1,1,2,,,,,,,,,,,,,,,,,,,,,,,,,,,F,F,,,,,,,,,,,,,,,,,,,,,,F,F,F,F
2,VALID,VALID, Yes ,13900,7982,Yes,3,1,1,2,,,,,,,,,,,,,,,,,,,,,,,,,,,F,F,,,,,,,,,,,,,,,,,,,,,,F,F,F,F
2,PETRORIO,PETRORIO, Yes ,13000,7735,Yes,3,1,1,2,,,,,,,,,,,,,,,,,,,,,,,,,,,F,F,,,,,,,,,,,,,,,,,,,,,,F,F,F,F
2,ÁGUAS DO BRASIL,AGUAS DO BR, Yes ,12000,6400,Yes,3,1,1,2,,,,,,,,,,,,,,,,,,,,,,,,,,,F,F,,,,,,,,,,,,,,,,,,,,,,F,F,F,F
2,HAZTEC (ORIZON),ORIZON, Yes ,12000,6700,Yes,3,1,1,2,,,,,,,,,,,,,,,,,,,,,,,,,,,F,F,,,,,,,,,,,,,,,,,,,,,,F,F,F,F
2,NISSAN,NISSAN, Yes ,10500,5320,Yes,3,1,1,2,,,,,,,,,,,,,,,,,,,,,,,,,,,F,F,,,,,,,,,,,,,,,,,,,,,,F,F,F,F
3,SOTREQ,SOTREQ, Yes ,10000,5652,No,2,1,1,1,,,,,,,,,,,,,,,,,,,,,,,,,,,F,F,,,,,,,,,,,,,,,,,,,,,,F,F,F,F
3,SHELL/BG,SHELL, Yes ,10000,6300,Yes,2,1,1,1,,,,,,,,,,,,,,,,,,,,,,,,,,,F,F,,,,,,,,,,,,,,,,,,,,,,F,F,F,F
3,GLOBENET (VTAL),GLOBENET, Yes ,9000,8000,Yes,2,1,1,1,,,,,,,,,,,,,,,,,,,,,,,,,,,F,F,,,,,,,,,,,,,,,,,,,,,,F,F,F,F
3,GRUPO SOMA,SOMA, Yes ,9000,4240,Yes,2,1,1,1,,,,,,,,,,,,,,,,,,,,,,,,,,,F,F,,,,,,,,,,,,,,,,,,,,,,F,F,F,F
3,COMMIT (GASPETRO),COMMIT, Yes ,9000,6300,Yes,2,1,1,1,,,,,,,,,,,,,,,,,,,,,,,,,,,F,F,,,,,,,,,,,,,,,,,,,,,,F,F,F,F
4,TOTAL,TOTAL, Yes ,7300,5700,Yes,2,1,1,1,,,,,,,,,,,,,,,,,,,,,,,,,,,F,F,,,,,,,,,,,,,,,,,,,,,,F,F,F,F
4,BR MALLS,BR MALLS, Yes ,7000,4900,Yes,2,1,1,1,,,,,,,,,,,,,,,,,,,,,,,,,,,F,F,,,,,,,,,,,,,,,,,,,,,,F,F,F,F
4,GGSH,GSH, Yes ,6900,4830,Yes,2,1,1,1,,,,,,,,,,,,,,,,,,,,,,,,,,,F,F,,,,,,,,,,,,,,,,,,,,,,F,F,F,F
4,ALIANSCE,ALIANSCE, Yes ,6300,3880,Yes,2,1,1,1,,,,,,,,,,,,,,,,,,,,,,,,,,,F,F,,,,,,,,,,,,,,,,,,,,,,F,F,F,F
4,EQUINOR,EQUINOR, Yes ,6000,3800,Yes,2,1,1,1,,,,,,,,,,,,,,,,,,,,,,,,,,,F,F,,,,,,,,,,,,,,,,,,,,,,F,F,F,F
4,V2i,V2I, Yes ,5200,3640,Yes,2,1,1,1,,,,,,,,,,,,,,,,,,,,,,,,,,,F,F,,,,,,,,,,,,,,,,,,,,,,F,F,F,F
4,PEUGEOT CITROEN (BH),PEUGEOT, Yes ,5000,3500,No,2,1,1,1,,,,,,,,,,,,,,,,,,,,,,,,,,,F,F,,,,,,,,,,,,,,,,,,,,,,F,F,F,F
4,PETROMAIS (Origem Energia),ORIGEM, Yes ,5000,2400,No,2,1,1,1,,,,,,,,,,,,,,,,,,,,,,,,,,,F,F,,,,,,,,,,,,,,,,,,,,,,F,F,F,F
4,EVOLTZ,EVOLTZ, Yes ,5000,3750,Yes,2,1,1,1,,,,,,,,,,,,,,,,,,,,,,,,,,,F,F,,,,,,,,,,,,,,,,,,,,,,F,F,F,F
5,COCA COLA,COCA, Yes ,4600,2644,No,1,1,1,1,,,,,,,,,,,,,,,,,,,,,,,,,,,F,F,,,,,,,,,,,,,,,,,,,,,,F,F,F,F
5,PROFARMA,PROFARMA, Yes ,4500,3375,Yes,1,1,1,1,,,,,,,,,,,,,,,,,,,,,,,,,,,F,F,,,,,,,,,,,,,,,,,,,,,,F,F,F,F
5,CATARATAS DO IGUAÇU,CATARATAS, Yes ,4300,3225,No,1,1,1,1,,,,,,,,,,,,,,,,,,,,,,,,,,,F,F,,,,,,,,,,,,,,,,,,,,,,F,F,F,F
5,OLX (Bom Negócio),OLX, Yes ,4000,2094,No,1,1,1,1,,,,,,,,,,,,,,,,,,,,,,,,,,,F,F,,,,,,,,,,,,,,,,,,,,,,F,F,F,F
5,CYMI ,CYMI, Yes ,3900,2300,No,1,1,1,1,,,,,,,,,,,,,,,,,,,,,,,,,,,F,F,,,,,,,,,,,,,,,,,,,,,,F,F,F,F
5,TECHNOS,TECHNOS, Yes ,3900,2700,Yes,1,1,1,1,,,,,,,,,,,,,,,,,,,,,,,,,,,F,F,,,,,,,,,,,,,,,,,,,,,,F,F,F,F
5,GLOBO - EDITORA GLOBO S.A.,EDITORA GLOBO, Yes ,3750,2813,No,1,1,1,1,,,,,,,,,,,,,,,,,,,,,,,,,,,F,F,,,,,,,,,,,,,,,,,,,,,,F,F,F,F
5,D1000,PROFARMA, Yes ,3500,2625,Yes,1,1,1,1,,,,,,,,,,,,,,,,,,,,,,,,,,,F,F,,,,,,,,,,,,,,,,,,,,,,F,F,F,F
5,SILIMED,SILIMED, Yes ,3500,2140,Yes,1,1,1,1,,,,,,,,,,,,,,,,,,,,,,,,,,,F,F,,,,,,,,,,,,,,,,,,,,,,F,F,F,F
6,CLUBE DE REGATAS DO FLAMENGO,FLAMENGO, Yes ,3276,1960,No,1,1,1,1,,,,,,,,,,,,,,,,,,,,,,,,,,,F,F,,,,,,,,,,,,,,,,,,,,,,F,F,F,F
6,PORTO SUDESTE,PORTO, Yes ,3200,1900,Yes,1,1,1,1,,,,,,,,,,,,,,,,,,,,,,,,,,,F,F,,,,,,,,,,,,,,,,,,,,,,F,F,F,F
6,ALMAVIVA,ALMAVIVA,Yes,3069,1770,No,1,1,1,1,,,,,,,,,,,,,,,,,,,,,,,,,,,F,F,,,,,,,,,,,,,,,,,,,,,,F,F,F,F
6,WSUT (Magalhanes Navegação),WSUT, Yes ,3000,2250,No,1,1,1,1,,,,,,,,,,,,,,,,,,,,,,,,,,,F,F,,,,,,,,,,,,,,,,,,,,,,F,F,F,F
6,INSPIRA MUNDANÇA PART.,INSPIRA, Yes ,3000,2360,No,1,1,1,1,,,,,,,,,,,,,,,,,,,,,,,,,,,F,F,,,,,,,,,,,,,,,,,,,,,,F,F,F,F
6,CASA GRANADO,GRANADO, Yes ,3000,2250,No,1,1,1,1,,,,,,,,,,,,,,,,,,,,,,,,,,,F,F,,,,,,,,,,,,,,,,,,,,,,F,F,F,F
6,MRO,MRO, Yes ,3000,2200,No,1,1,1,1,,,,,,,,,,,,,,,,,,,,,,,,,,,F,F,,,,,,,,,,,,,,,,,,,,,,F,F,F,F
6,SAPURA,SAPURA, Yes ,2800,1700,Yes,1,1,1,1,,,,,,,,,,,,,,,,,,,,,,,,,,,F,F,,,,,,,,,,,,,,,,,,,,,,F,F,F,F
6,KATRIUM,QDA/KATRIUM, Yes ,2800,1666,No,1,1,1,1,,,,,,,,,,,,,,,,,,,,,,,,,,,F,F,,,,,,,,,,,,,,,,,,,,,,F,F,F,F
6,DELLY COSMETICOS,DELLY, Yes ,2600,1950,No,1,1,1,1,,,,,,,,,,,,,,,,,,,,,,,,,,,F,F,,,,,,,,,,,,,,,,,,,,,,F,F,F,F
6,NATIONAL OIL,NOV, Yes ,2600,2000,No,1,1,1,1,,,,,,,,,,,,,,,,,,,,,,,,,,,F,F,,,,,,,,,,,,,,,,,,,,,,F,F,F,F
6,OCEÂNICA ENGENHARIA,OCEANICA, Yes ,2544,1400,No,1,1,1,1,,,,,,,,,,,,,,,,,,,,,,,,,,,F,F,,,,,,,,,,,,,,,,,,,,,,F,F,F,F
6,ENERFLEX,ENERFLEX, Yes ,2500,2000,No,1,1,1,1,,,,,,,,,,,,,,,,,,,,,,,,,,,F,F,,,,,,,,,,,,,,,,,,,,,,F,F,F,F
6,FAZENDA AGRO SB (Opportunity),AGRO, Yes ,2500,1200,No,1,1,1,1,,,,,,,,,,,,,,,,,,,,,,,,,,,F,F,,,,,,,,,,,,,,,,,,,,,,F,F,F,F
7,BRAMEX,BRAMEX, Yes ,2371,1194,No,1,0,1,1,,,,,,,,,,,,,,,,,,,,,,,,,,,F,F,,,,,,,,,,,,,,,,,,,,,,F,F,F,F
7,PETRONAS,PETRONAS, Yes ,2300,1300,Yes,1,0,1,1,,,,,,,,,,,,,,,,,,,,,,,,,,,F,F,,,,,,,,,,,,,,,,,,,,,,F,F,F,F
7,SUPERMERCADO ZONA SUL,ZONA SUL, Yes ,2300,1360,No,1,0,1,1,,,,,,,,,,,,,,,,,,,,,,,,,,,F,F,,,,,,,,,,,,,,,,,,,,,,F,F,F,F
7,PARANAÍBA (PTE),MTE, Yes ,2300,1725,Yes,1,0,1,1,,,,,,,,,,,,,,,,,,,,,,,,,,,F,F,,,,,,,,,,,,,,,,,,,,,,F,F,F,F
7,LIBRA TERMINAL PORTUARIO (ICTSI),ICTSI, Yes ,2200,1650,No,1,0,1,1,,,,,,,,,,,,,,,,,,,,,,,,,,,F,F,,,,,,,,,,,,,,,,,,,,,,F,F,F,F
7,TEEKAY,TEEKAY, Yes ,2200,1309,No,1,0,1,1,,,,,,,,,,,,,,,,,,,,,,,,,,,F,F,,,,,,,,,,,,,,,,,,,,,,F,F,F,F
7,CANAL DE ISABEL II (Emissão S.A.),CANAL ISABEL, Yes ,2150,1613,No,1,0,1,1,,,,,,,,,,,,,,,,,,,,,,,,,,,F,F,,,,,,,,,,,,,,,,,,,,,,F,F,F,F
7,DOMINOS (DP Brasil Participações),DOMINOS, Yes ,2105,1236,No,1,0,1,1,,,,,,,,,,,,,,,,,,,,,,,,,,,F,F,,,,,,,,,,,,,,,,,,,,,,F,F,F,F
7,EDISON CHOUEST (BRAM) ,BRAM, Yes ,2000,1400,No,1,0,1,1,,,,,,,,,,,,,,,,,,,,,,,,,,,F,F,,,,,,,,,,,,,,,,,,,,,,F,F,F,F
7,FARSTAD SHIPPING,FARSTAD, Yes ,2000,1500,No,1,0,1,1,,,,,,,,,,,,,,,,,,,,,,,,,,,F,F,,,,,,,,,,,,,,,,,,,,,,F,F,F,F
7,BEMISA (Opportunity),BEMISA, Yes ,2000,1143,No,1,0,1,1,,,,,,,,,,,,,,,,,,,,,,,,,,,F,F,,,,,,,,,,,,,,,,,,,,,,F,F,F,F
7,BUREAU VERITAS,BV, Yes ,2000,1370,No,1,0,1,1,,,,,,,,,,,,,,,,,,,,,,,,,,,F,F,,,,,,,,,,,,,,,,,,,,,,F,F,F,F
7,BARCELOS,BARCELOS, Yes ,2000,1500,No,1,0,1,1,,,,,,,,,,,,,,,,,,,,,,,,,,,F,F,,,,,,,,,,,,,,,,,,,,,,F,F,F,F
7,PUIG O'NIQUE,PUIG, Yes ,2000,1500,No,1,0,1,1,,,,,,,,,,,,,,,,,,,,,,,,,,,F,F,,,,,,,,,,,,,,,,,,,,,,F,F,F,F
7,S2,S2, Yes ,1900,1210,No,1,0,1,1,,,,,,,,,,,,,,,,,,,,,,,,,,,F,F,,,,,,,,,,,,,,,,,,,,,,F,F,F,F
7,CONEXA SAÚDE,CONEXA, Yes ,1900,1425,No,1,0,1,1,,,,,,,,,,,,,,,,,,,,,,,,,,,F,F,,,,,,,,,,,,,,,,,,,,,,F,F,F,F
7,MAN DIESEL & TURBO,MAN , Yes ,1900,997,No,1,0,1,1,,,,,,,,,,,,,,,,,,,,,,,,,,,F,F,,,,,,,,,,,,,,,,,,,,,,F,F,F,F
7,AMOEDO,AMOEDO, Yes ,1800,1350,No,1,0,1,1,,,,,,,,,,,,,,,,,,,,,,,,,,,F,F,,,,,,,,,,,,,,,,,,,,,,F,F,F,F
7,DGPAR (ALL CARE),ALL CARE, Yes ,1800,1350,No,1,0,1,1,,,,,,,,,,,,,,,,,,,,,,,,,,,F,F,,,,,,,,,,,,,,,,,,,,,,F,F,F,F
7,Zeedog,ZEE DOG, Yes ,1700,1275,No,1,0,1,1,,,,,,,,,,,,,,,,,,,,,,,,,,,F,F,,,,,,,,,,,,,,,,,,,,,,F,F,F,F
7,SUBSEA 7,SUBSEA, Yes ,1650,980,No,1,0,1,1,,,,,,,,,,,,,,,,,,,,,,,,,,,F,F,,,,,,,,,,,,,,,,,,,,,,F,F,F,F
7,ASPEN PHARMA,ASPEN, Yes ,1600,1200,No,1,0,1,1,,,,,,,,,,,,,,,,,,,,,,,,,,,F,F,,,,,,,,,,,,,,,,,,,,,,F,F,F,F
7,ONS,ONS, Yes ,1550,1163,No,1,0,1,1,,,,,,,,,,,,,,,,,,,,,,,,,,,F,F,,,,,,,,,,,,,,,,,,,,,,F,F,F,F
8,ROCK CITY S.A.,RIR, Yes ,1500,1125,No,1,0,1,1,,,,,,,,,,,,,,,,,,,,,,,,,,,F,F,,,,,,,,,,,,,,,,,,,,,,F,F,F,F
8,VERDE AMBIENTAL,VERDE AMBIENTAL, Yes ,1500,740,No,1,0,1,1,,,,,,,,,,,,,,,,,,,,,,,,,,,F,F,,,,,,,,,,,,,,,,,,,,,,F,F,F,F
8,ALL NATIONS,ALL NATIONS, Yes ,1500,950,No,1,0,1,1,,,,,,,,,,,,,,,,,,,,,,,,,,,F,F,,,,,,,,,,,,,,,,,,,,,,F,F,F,F
8,CREB,CREB, Yes ,1500,1000,No,1,0,1,1,,,,,,,,,,,,,,,,,,,,,,,,,,,F,F,,,,,,,,,,,,,,,,,,,,,,F,F,F,F
8,FUNBIO,FUNBIO, Yes ,1500,1050,No,1,0,1,1,,,,,,,,,,,,,,,,,,,,,,,,,,,F,F,,,,,,,,,,,,,,,,,,,,,,F,F,F,F
8,MINERACAO MORRO DO IPE (MMI),MMI, Yes ,1450,740,No,1,0,1,1,,,,,,,,,,,,,,,,,,,,,,,,,,,F,F,,,,,,,,,,,,,,,,,,,,,,F,F,F,F
8,CAMORIM,CAMORIM, Yes ,1400,980,No,1,0,1,1,,,,,,,,,,,,,,,,,,,,,,,,,,,F,F,,,,,,,,,,,,,,,,,,,,,,F,F,F,F
8,SISTAC,SISTAC, Yes ,1400,980,No,1,0,1,1,,,,,,,,,,,,,,,,,,,,,,,,,,,F,F,,,,,,,,,,,,,,,,,,,,,,F,F,F,F
8,DISTRIBUIDORA RECORD,RECORD, Yes ,1400,1050,No,1,0,1,1,,,,,,,,,,,,,,,,,,,,,,,,,,,F,F,,,,,,,,,,,,,,,,,,,,,,F,F,F,F
8,MR. CAT (Grumari),MR CAT, Yes ,1400,1050,No,1,0,1,1,,,,,,,,,,,,,,,,,,,,,,,,,,,F,F,,,,,,,,,,,,,,,,,,,,,,F,F,F,F
8,Matrincha Transm. de Energia (MTE),MTE, Yes ,1400,1050,Yes,1,0,1,1,,,,,,,,,,,,,,,,,,,,,,,,,,,F,F,,,,,,,,,,,,,,,,,,,,,,F,F,F,F
8,DESCOMPLICA,DESCOMPLICA, Yes ,1300,975,Yes,1,0,1,1,,,,,,,,,,,,,,,,,,,,,,,,,,,F,F,,,,,,,,,,,,,,,,,,,,,,F,F,F,F
8,CORPSERVICES,CORPSERVICES, Yes ,1300,800,No,1,0,1,1,,,,,,,,,,,,,,,,,,,,,,,,,,,F,F,,,,,,,,,,,,,,,,,,,,,,F,F,F,F
8,GLOBO - RADIOS,SGR, Yes ,1300,820,No,1,0,1,1,,,,,,,,,,,,,,,,,,,,,,,,,,,F,F,,,,,,,,,,,,,,,,,,,,,,F,F,F,F
8,CERAS JOHNSON,CERAS, Yes ,1250,648,No,1,0,1,1,,,,,,,,,,,,,,,,,,,,,,,,,,,F,F,,,,,,,,,,,,,,,,,,,,,,F,F,F,F
8,GLOBO - CAFÉ ORFEU,CAFE ORFEU, Yes ,1250,790,No,1,0,1,1,,,,,,,,,,,,,,,,,,,,,,,,,,,F,F,,,,,,,,,,,,,,,,,,,,,,F,F,F,F
9,Reichhold do Brasil (Polyint Group),REICHHOLD,Yes,1200,670,No,0,1,0,1,,,,,,,,,,,,,,,,,,,,,,,,,,,F,F,,,,,,,,,,,,,,,,,,,,,,F,F,F,F
9,SERTANEJA,SERTANEJA, Yes ,1200,1200,No,0,1,0,1,,,,,,,,,,,,,,,,,,,,,,,,,,,F,F,,,,,,,,,,,,,,,,,,,,,,F,F,F,F
9,TAG,TAG, Yes ,1200,900,No,0,1,0,1,,,,,,,,,,,,,,,,,,,,,,,,,,,F,F,,,,,,,,,,,,,,,,,,,,,,F,F,F,F
9,MARINE PRODUCTION SYSTEM DO BRASIL LTDA. ,MARINE, Yes ,1200,714,No,0,1,0,1,,,,,,,,,,,,,,,,,,,,,,,,,,,F,F,,,,,,,,,,,,,,,,,,,,,,F,F,F,F
9,DIMENSIONAL (Benfour),Benfour, Yes ,1200,900,No,0,1,0,1,,,,,,,,,,,,,,,,,,,,,,,,,,,F,F,,,,,,,,,,,,,,,,,,,,,,F,F,F,F
9,FUGRO,FUGRO, Yes ,1200,900,No,0,1,0,1,,,,,,,,,,,,,,,,,,,,,,,,,,,F,F,,,,,,,,,,,,,,,,,,,,,,F,F,F,F
9,LABORATORIES SERVIER,SERVIER, Yes ,1150,640,No,0,1,0,1,,,,,,,,,,,,,,,,,,,,,,,,,,,F,F,,,,,,,,,,,,,,,,,,,,,,F,F,F,F
9,FUNDOS BBI Fin Health - Investidas,FINHEALTH, Yes ,1125,844,No,0,1,0,1,,,,,,,,,,,,,,,,,,,,,,,,,,,F,F,,,,,,,,,,,,,,,,,,,,,,F,F,F,F
9,AET STS,AET, Yes ,1100,800,No,0,1,0,1,,,,,,,,,,,,,,,,,,,,,,,,,,,F,F,,,,,,,,,,,,,,,,,,,,,,F,F,F,F
9,BOLT Energia,BOLT Energia, Yes ,1100,825,No,0,1,0,1,,,,,,,,,,,,,,,,,,,,,,,,,,,F,F,,,,,,,,,,,,,,,,,,,,,,F,F,F,F
9,FCC,FCC, Yes ,1100,825,No,0,1,0,1,,,,,,,,,,,,,,,,,,,,,,,,,,,F,F,,,,,,,,,,,,,,,,,,,,,,F,F,F,F
9,CHANNEL (EUROPRESTIGIO),EUROPRESTIGIO, Yes ,1068,650,No,0,1,0,1,,,,,,,,,,,,,,,,,,,,,,,,,,,F,F,,,,,,,,,,,,,,,,,,,,,,F,F,F,F
9,AXXON (BR MARINAS),BR MARINAS, Yes ,1000,810,No,0,1,0,1,,,,,,,,,,,,,,,,,,,,,,,,,,,F,F,,,,,,,,,,,,,,,,,,,,,,F,F,F,F
9,TELEPAZIO BRASIL (Leonardo),TELEPAZIO, Yes ,1000,600,No,0,1,0,1,,,,,,,,,,,,,,,,,,,,,,,,,,,F,F,,,,,,,,,,,,,,,,,,,,,,F,F,F,F
9,GALP,PETROGAL, Yes ,1000,500,No,0,1,0,1,,,,,,,,,,,,,,,,,,,,,,,,,,,F,F,,,,,,,,,,,,,,,,,,,,,,F,F,F,F
9,GEOPARK,GEOPARK, Yes ,1000,600,No,0,1,0,1,,,,,,,,,,,,,,,,,,,,,,,,,,,F,F,,,,,,,,,,,,,,,,,,,,,,F,F,F,F
9,SONANGOL STARFISH,SONANGOL, Yes ,1000,950,No,0,1,0,1,,,,,,,,,,,,,,,,,,,,,,,,,,,F,F,,,,,,,,,,,,,,,,,,,,,,F,F,F,F
9,GLOBO - FAMILY OFFICE,FAMILY OFFICE, Yes ,1000,630,No,0,1,0,1,,,,,,,,,,,,,,,,,,,,,,,,,,,F,F,,,,,,,,,,,,,,,,,,,,,,F,F,F,F
9,H. STTRATNER,H STRATTNER, Yes ,910,683,No,0,1,0,1,,,,,,,,,,,,,,,,,,,,,,,,,,,F,F,,,,,,,,,,,,,,,,,,,,,,F,F,F,F
9,ITAGUAI (ICN),ICN, Yes ,900,675,No,0,1,0,1,,,,,,,,,,,,,,,,,,,,,,,,,,,F,F,,,,,,,,,,,,,,,,,,,,,,F,F,F,F
9,JOTUN IND. TINTAS,JOTUN, Yes ,900,750,No,0,1,0,1,,,,,,,,,,,,,,,,,,,,,,,,,,,F,F,,,,,,,,,,,,,,,,,,,,,,F,F,F,F
9,CNOOC,CNOOC, Yes ,870,653,No,0,1,0,1,,,,,,,,,,,,,,,,,,,,,,,,,,,F,F,,,,,,,,,,,,,,,,,,,,,,F,F,F,F
10,BIOMERIEUX,BIOMERIEUX, Yes ,800,600,No,0,1,2,0,,,,,,,,,,,,,,,,,,,,,,,,,,,F,F,,,,,,,,,,,,,,,,,,,,,,F,F,F,F
10,COMSHELL SOC PREV. PRIVADA,COMSHELL, Yes ,800,600,No,0,1,2,0,,,,,,,,,,,,,,,,,,,,,,,,,,,F,F,,,,,,,,,,,,,,,,,,,,,,F,F,F,F
10,ECOPETROL,ECOPETROL, Yes ,800,600,No,0,1,2,0,,,,,,,,,,,,,,,,,,,,,,,,,,,F,F,,,,,,,,,,,,,,,,,,,,,,F,F,F,F
10,GRUPO COMPONENTES (Opportunity) - Eletron,OPPORTUNITY, Yes ,800,560,No,0,1,2,0,,,,,,,,,,,,,,,,,,,,,,,,,,,F,F,,,,,,,,,,,,,,,,,,,,,,F,F,F,F
10,NEW WAVE,NEW WAVE, Yes ,800,560,No,0,1,2,0,,,,,,,,,,,,,,,,,,,,,,,,,,,F,F,,,,,,,,,,,,,,,,,,,,,,F,F,F,F
10,UNIVERSAL MUSICAL,UNIVERSAL, Yes ,800,600,No,0,1,2,0,,,,,,,,,,,,,,,,,,,,,,,,,,,F,F,,,,,,,,,,,,,,,,,,,,,,F,F,F,F
10,MANUCHAR,MANUCHAR, Yes ,800,600,No,0,1,2,0,,,,,,,,,,,,,,,,,,,,,,,,,,,F,F,,,,,,,,,,,,,,,,,,,,,,F,F,F,F
10,OCEANEERING,MARINE, Yes ,800,476,No,0,1,2,0,,,,,,,,,,,,,,,,,,,,,,,,,,,F,F,,,,,,,,,,,,,,,,,,,,,,F,F,F,F
10,FERNANDES ARAÚJO,FERNANDES ARAÚJO, Yes ,800,600,No,0,1,2,0,,,,,,,,,,,,,,,,,,,,,,,,,,,F,F,,,,,,,,,,,,,,,,,,,,,,F,F,F,F
10,Guaraciaba Transmissora de Energia,MTE, Yes ,791,633,Yes,0,1,2,0,,,,,,,,,,,,,,,,,,,,,,,,,,,F,F,,,,,,,,,,,,,,,,,,,,,,F,F,F,F
10,GLOBO - ED. GLOBO COND NAST,COND NAST, Yes ,750,600,No,0,1,2,0,,,,,,,,,,,,,,,,,,,,,,,,,,,F,F,,,,,,,,,,,,,,,,,,,,,,F,F,F,F
10,DILETTO (Sardinia Investimentos),DILETTO (Sardinia Investimentos), Yes ,750,600,No,0,1,2,0,,,,,,,,,,,,,,,,,,,,,,,,,,,F,F,,,,,,,,,,,,,,,,,,,,,,F,F,F,F
10,GME AEROSPACE,GME, Yes ,700,560,No,0,1,2,0,,,,,,,,,,,,,,,,,,,,,,,,,,,F,F,,,,,,,,,,,,,,,,,,,,,,F,F,F,F
10,GEFCO,GEFCO, Yes ,700,700,No,0,1,2,0,,,,,,,,,,,,,,,,,,,,,,,,,,,F,F,,,,,,,,,,,,,,,,,,,,,,F,F,F,F
10,DINACO,DINACO, Yes ,700,560,No,0,1,2,0,,,,,,,,,,,,,,,,,,,,,,,,,,,F,F,,,,,,,,,,,,,,,,,,,,,,F,F,F,F
10,GLOBO - FRM/C.FUTURA,FRM, Yes ,680,510,No,0,1,2,0,,,,,,,,,,,,,,,,,,,,,,,,,,,F,F,,,,,,,,,,,,,,,,,,,,,,F,F,F,F
10,Orthopride (PRKS),PRKS, Yes ,638,450,No,0,1,2,0,,,,,,,,,,,,,,,,,,,,,,,,,,,F,F,,,,,,,,,,,,,,,,,,,,,,F,F,F,F
10,TULIP CAMPOS HOTELARIA,TULIP, Yes ,620,400,No,0,1,2,0,,,,,,,,,,,,,,,,,,,,,,,,,,,F,F,,,,,,,,,,,,,,,,,,,,,,F,F,F,F
10,KOMPASS ENERGIA,KOMPASS, Yes ,600,480,No,0,1,2,0,,,,,,,,,,,,,,,,,,,,,,,,,,,F,F,,,,,,,,,,,,,,,,,,,,,,F,F,F,F
10,AXXON (RHMED),RHMED, Yes ,600,520,No,0,1,2,0,,,,,,,,,,,,,,,,,,,,,,,,,,,F,F,,,,,,,,,,,,,,,,,,,,,,F,F,F,F
11,QV SAUDE,QV SAUDE, Yes ,500,400,No,0,1,1,1,,,,,,,,,,,,,,,,,,,,,,,,,,,F,F,,,,,,,,,,,,,,,,,,,,,,F,F,F,F
11,ESSECO DO BRASIL,ESSECO,Yes,500,400,No,0,1,1,1,,,,,,,,,,,,,,,,,,,,,,,,,,,F,F,,,,,,,,,,,,,,,,,,,,,,F,F,F,F
11,EVER BRASIL ,EVER, Yes ,500,400,No,0,1,1,1,,,,,,,,,,,,,,,,,,,,,,,,,,,F,F,,,,,,,,,,,,,,,,,,,,,,F,F,F,F
11,OMPI DO BRASIL ,OMPI, Yes ,500,400,No,0,1,1,1,,,,,,,,,,,,,,,,,,,,,,,,,,,F,F,,,,,,,,,,,,,,,,,,,,,,F,F,F,F
11,PETRO CHINA,PETRO CHINA, Yes ,500,400,No,0,1,1,1,,,,,,,,,,,,,,,,,,,,,,,,,,,F,F,,,,,,,,,,,,,,,,,,,,,,F,F,F,F
11,SuaTV e Influency.me,SUA TV, Yes ,500,500,No,0,1,1,1,,,,,,,,,,,,,,,,,,,,,,,,,,,F,F,,,,,,,,,,,,,,,,,,,,,,F,F,F,F
11,"CLARKE, MODET Y CIA. S.L. BRASIL",CLARK MODET, Yes ,500,400,No,0,1,1,1,,,,,,,,,,,,,,,,,,,,,,,,,,,F,F,,,,,,,,,,,,,,,,,,,,,,F,F,F,F
11,HI MIDIA,HI MIDIA, Yes ,500,400,No,0,1,1,1,,,,,,,,,,,,,,,,,,,,,,,,,,,F,F,,,,,,,,,,,,,,,,,,,,,,F,F,F,F
11,ARCHER,ARCHER, Yes ,450,450,No,0,1,1,1,,,,,,,,,,,,,,,,,,,,,,,,,,,F,F,,,,,,,,,,,,,,,,,,,,,,F,F,F,F
11,STEAG,STEAG, Yes ,449,359,No,0,1,1,1,,,,,,,,,,,,,,,,,,,,,,,,,,,F,F,,,,,,,,,,,,,,,,,,,,,,F,F,F,F
11,Fundação Euclides da Cunha,FEC, Yes ,440,352,No,0,1,1,1,,,,,,,,,,,,,,,,,,,,,,,,,,,F,F,,,,,,,,,,,,,,,,,,,,,,F,F,F,F
11,UFI Filter,UFI,Yes,400,280,No,0,1,1,1,,,,,,,,,,,,,,,,,,,,,,,,,,,F,F,,,,,,,,,,,,,,,,,,,,,,F,F,F,F
11,QUANTUM,QUANTUM, Yes ,400,400,No,0,1,1,1,,,,,,,,,,,,,,,,,,,,,,,,,,,F,F,,,,,,,,,,,,,,,,,,,,,,F,F,F,F
11,MARLIN AZUL,MARLIN, Yes ,400,320,No,0,1,1,1,,,,,,,,,,,,,,,,,,,,,,,,,,,F,F,,,,,,,,,,,,,,,,,,,,,,F,F,F,F
11,GREEN OIL,GREEN OIL, Yes ,400,320,No,0,1,1,1,,,,,,,,,,,,,,,,,,,,,,,,,,,F,F,,,,,,,,,,,,,,,,,,,,,,F,F,F,F
11,FUNDO PATRIMONIAL RJZ,FUNDO PATRIMONIAL RJZ, Yes ,350,280,No,0,1,1,1,,,,,,,,,,,,,,,,,,,,,,,,,,,F,F,,,,,,,,,,,,,,,,,,,,,,F,F,F,F
11,INSTITUTO DA CRIANÇA,INST CRIANCA, Yes ,350,280,No,0,1,1,1,,,,,,,,,,,,,,,,,,,,,,,,,,,F,F,,,,,,,,,,,,,,,,,,,,,,F,F,F,F
11,CONFIANCE MEDICAL,CONFIANCE, Yes ,350,280,No,0,1,1,1,,,,,,,,,,,,,,,,,,,,,,,,,,,F,F,,,,,,,,,,,,,,,,,,,,,,F,F,F,F
11,GLOBO - AERO RIO,AERO RIO, Yes ,330,264,No,0,1,1,1,,,,,,,,,,,,,,,,,,,,,,,,,,,F,F,,,,,,,,,,,,,,,,,,,,,,F,F,F,F
11,FAZENDA FUTURO,FUTURE FARM, Yes ,316,253,No,0,1,1,1,,,,,,,,,,,,,,,,,,,,,,,,,,,F,F,,,,,,,,,,,,,,,,,,,,,,F,F,F,F
11,VITOL,VITOL, Yes ,310,248,No,0,1,1,1,,,,,,,,,,,,,,,,,,,,,,,,,,,F,F,,,,,,,,,,,,,,,,,,,,,,F,F,F,F
11,NAVAL GROUP,NAVAL, Yes ,300,240,No,0,1,1,1,,,,,,,,,,,,,,,,,,,,,,,,,,,F,F,,,,,,,,,,,,,,,,,,,,,,F,F,F,F
11,Geogas,GEOGAS, Yes ,300,270,No,0,1,1,1,,,,,,,,,,,,,,,,,,,,,,,,,,,F,F,,,,,,,,,,,,,,,,,,,,,,F,F,F,F
11,ARAGUAIA/DESIDERATA,ARAGUAIA/DESIDERATA, Yes ,280,224,No,0,1,1,1,,,,,,,,,,,,,,,,,,,,,,,,,,,F,F,,,,,,,,,,,,,,,,,,,,,,F,F,F,F
11,CALEFFI BRASIL AUP,CALEFFI,Yes,250,200,No,0,1,1,1,,,,,,,,,,,,,,,,,,,,,,,,,,,F,F,,,,,,,,,,,,,,,,,,,,,,F,F,F,F
11,Planeta / DeAgostini,DE AGOSTINI,Yes,250,200,No,0,1,1,1,,,,,,,,,,,,,,,,,,,,,,,,,,,F,F,,,,,,,,,,,,,,,,,,,,,,F,F,F,F
11,TI LATAM AUP,TIM,Yes,250,200,No,0,1,1,1,,,,,,,,,,,,,,,,,,,,,,,,,,,F,F,,,,,,,,,,,,,,,,,,,,,,F,F,F,F
11,ALLSEAS,Allseas, Yes ,200,160,No,0,1,1,1,,,,,,,,,,,,,,,,,,,,,,,,,,,F,F,,,,,,,,,,,,,,,,,,,,,,F,F,F,F
11,COCA COLA INSTITUTO,COCA, Yes ,180,50,No,0,1,1,1,,,,,,,,,,,,,,,,,,,,,,,,,,,F,F,,,,,,,,,,,,,,,,,,,,,,F,F,F,F
