,equipe,2023-07-15,2023-07-22,2023-07-29,2023-08-05,2023-08-12,2023-08-19,2023-08-26,2023-09-02,2023-09-09,2023-09-16,2023-09-23,2023-09-30,2023-10-07,2023-10-14,2023-10-21,2023-10-28,2023-11-04,2023-11-11,2023-11-18,2023-11-25,2023-12-02,2023-12-09,2023-12-16,2023-12-23,2023-12-30,2024-01-06,2024-01-13,2024-01-20,2024-01-27,2024-02-03,2024-02-10,2024-02-17,2024-02-24,2024-03-02,2024-03-09,2024-03-16,2024-03-23,2024-03-30,2024-04-06,2024-04-13,2024-04-20,2024-04-27,2024-05-04,2024-05-11,2024-05-18,2024-05-25,2024-06-01,2024-06-08,2024-06-15,2024-06-22,2024-06-29
0,staff2_0,SUL AMERICA,SUL AMERICA,SUL AMERICA,SUL AMERICA,SUL AMERICA,SUL AMERICA,SUL AMERICA,SUL AMERICA,SUL AMERICA,SUL AMERICA,SUL AMERICA,SUL AMERICA,SUL AMERICA,SUL AMERICA,SUL AMERICA,SUL AMERICA,SUL AMERICA,SUL AMERICA,SUL AMERICA,SUL AMERICA,SUL AMERICA,SUL AMERICA,SUL AMERICA,F,F,SUL AMERICA,SUL AMERICA,SUL AMERICA,SUL AMERICA,SUL AMERICA,SUL AMERICA,SUL AMERICA,SUL AMERICA,SUL AMERICA,SUL AMERICA,SUL AMERICA,SUL AMERICA,SUL AMERICA,SUL AMERICA,SUL AMERICA,SUL AMERICA,SUL AMERICA,SUL AMERICA,SUL AMERICA,SUL AMERICA,SUL AMERICA,SUL AMERICA,SUL AMERICA,F,F,SUL AMERICA
1,staff2_1,SUL AMERICA,SUL AMERICA,SUL AMERICA,SUL AMERICA,SUL AMERICA,SUL AMERICA,SUL AMERICA,SUL AMERICA,SUL AMERICA,SUL AMERICA,SUL AMERICA,SUL AMERICA,SUL AMERICA,SUL AMERICA,SUL AMERICA,SUL AMERICA,SUL AMERICA,SUL AMERICA,SUL AMERICA,SUL AMERICA,SUL AMERICA,SUL AMERICA,SUL AMERICA,F,F,SUL AMERICA,SUL AMERICA,SUL AMERICA,SUL AMERICA,SUL AMERICA,SUL AMERICA,SUL AMERICA,SUL AMERICA,SUL AMERICA,SUL AMERICA,SUL AMERICA,SUL AMERICA,SUL AMERICA,SUL AMERICA,SUL AMERICA,SUL AMERICA,SUL AMERICA,SUL AMERICA,SUL AMERICA,SUL AMERICA,SUL AMERICA,SUL AMERICA,SUL AMERICA,F,F,SUL AMERICA
2,staff2_2,SUL AMERICA,SUL AMERICA,SUL AMERICA,SUL AMERICA,SUL AMERICA,SUL AMERICA,SUL AMERICA,SUL AMERICA,SUL AMERICA,SUL AMERICA,SUL AMERICA,SUL AMERICA,SUL AMERICA,SUL AMERICA,SUL AMERICA,SUL AMERICA,SUL AMERICA,SUL AMERICA,SUL AMERICA,SUL AMERICA,SUL AMERICA,SUL AMERICA,SUL AMERICA,F,F,SUL AMERICA,SUL AMERICA,SUL AMERICA,SUL AMERICA,SUL AMERICA,SUL AMERICA,SUL AMERICA,SUL AMERICA,SUL AMERICA,SUL AMERICA,SUL AMERICA,SUL AMERICA,SUL AMERICA,SUL AMERICA,SUL AMERICA,SUL AMERICA,SUL AMERICA,SUL AMERICA,SUL AMERICA,SUL AMERICA,SUL AMERICA,SUL AMERICA,SUL AMERICA,F,F,SUL AMERICA
3,staff2_3,REDE DOR,REDE DOR,REDE DOR,REDE DOR,REDE DOR,REDE DOR,REDE DOR,REDE DOR,REDE DOR,REDE DOR,REDE DOR,REDE DOR,REDE DOR,REDE DOR,REDE DOR,REDE DOR,REDE DOR,REDE DOR,REDE DOR,REDE DOR,REDE DOR,REDE DOR,REDE DOR,F,F,REDE DOR,REDE DOR,REDE DOR,REDE DOR,REDE DOR,REDE DOR,REDE DOR,REDE DOR,REDE DOR,REDE DOR,REDE DOR,REDE DOR,REDE DOR,REDE DOR,REDE DOR,REDE DOR,REDE DOR,REDE DOR,REDE DOR,REDE DOR,REDE DOR,REDE DOR,REDE DOR,F,F,REDE DOR
4,staff2_4,REDE DOR,REDE DOR,REDE DOR,REDE DOR,REDE DOR,REDE DOR,REDE DOR,REDE DOR,REDE DOR,REDE DOR,REDE DOR,REDE DOR,REDE DOR,REDE DOR,REDE DOR,REDE DOR,REDE DOR,REDE DOR,REDE DOR,REDE DOR,REDE DOR,REDE DOR,REDE DOR,F,F,REDE DOR,REDE DOR,REDE DOR,REDE DOR,REDE DOR,REDE DOR,REDE DOR,REDE DOR,REDE DOR,REDE DOR,REDE DOR,REDE DOR,REDE DOR,REDE DOR,REDE DOR,REDE DOR,REDE DOR,REDE DOR,REDE DOR,REDE DOR,REDE DOR,REDE DOR,REDE DOR,F,F,REDE DOR
5,staff2_5,REDE DOR,REDE DOR,REDE DOR,REDE DOR,REDE DOR,REDE DOR,REDE DOR,REDE DOR,REDE DOR,REDE DOR,REDE DOR,REDE DOR,REDE DOR,REDE DOR,REDE DOR,REDE DOR,REDE DOR,REDE DOR,REDE DOR,REDE DOR,REDE DOR,REDE DOR,REDE DOR,F,F,REDE DOR,REDE DOR,REDE DOR,REDE DOR,REDE DOR,REDE DOR,REDE DOR,REDE DOR,REDE DOR,REDE DOR,REDE DOR,REDE DOR,REDE DOR,REDE DOR,REDE DOR,REDE DOR,REDE DOR,REDE DOR,REDE DOR,REDE DOR,REDE DOR,REDE DOR,REDE DOR,F,F,REDE DOR
6,staff2_6,TIM,TIM,TIM,TIM,TIM,TIM,TIM,TIM,TIM,TIM,TIM,TIM,TIM,TIM,TIM,TIM,TIM,TIM,TIM,TIM,TIM,TIM,TIM,F,F,TIM,TIM,TIM,TIM,TIM,TIM,TIM,TIM,TIM,TIM,TIM,TIM,TIM,TIM,TIM,TIM,TIM,TIM,TIM,TIM,TIM,TIM,TIM,F,F,TIM
7,staff2_7,TIM,TIM,TIM,TIM,TIM,TIM,TIM,TIM,TIM,TIM,TIM,TIM,TIM,TIM,TIM,TIM,TIM,TIM,TIM,TIM,TIM,TIM,TIM,F,F,TIM,TIM,TIM,TIM,TIM,TIM,TIM,TIM,TIM,TIM,TIM,TIM,TIM,TIM,TIM,TIM,TIM,TIM,TIM,TIM,TIM,TIM,TIM,F,F,TIM
8,staff2_8,TIM,TIM,TIM,TIM,TIM,TIM,TIM,TIM,TIM,TIM,TIM,TIM,TIM,TIM,TIM,TIM,TIM,TIM,TIM,TIM,TIM,TIM,TIM,F,F,TIM,TIM,TIM,TIM,TIM,TIM,TIM,TIM,TIM,TIM,TIM,TIM,TIM,TIM,TIM,TIM,TIM,TIM,TIM,TIM,TIM,TIM,TIM,F,F,TIM
9,staff2_9,GLOBO - GLOBO,GLOBO - GLOBO,GLOBO - GLOBO,GLOBO - GLOBO,GLOBO - GLOBO,GLOBO - GLOBO,GLOBO - GLOBO,GLOBO - GLOBO,GLOBO - GLOBO,GLOBO - GLOBO,GLOBO - GLOBO,GLOBO - GLOBO,GLOBO - GLOBO,GLOBO - GLOBO,GLOBO - GLOBO,GLOBO - GLOBO,GLOBO - GLOBO,GLOBO - GLOBO,GLOBO - GLOBO,GLOBO - GLOBO,GLOBO - GLOBO,GLOBO - GLOBO,GLOBO - GLOBO,F,F,GLOBO - GLOBO,GLOBO - GLOBO,GLOBO - GLOBO,GLOBO - GLOBO,GLOBO - GLOBO,GLOBO - GLOBO,GLOBO - GLOBO,GLOBO - GLOBO,GLOBO - GLOBO,GLOBO - GLOBO,GLOBO - GLOBO,GLOBO - GLOBO,GLOBO - GLOBO,GLOBO - GLOBO,GLOBO - GLOBO,GLOBO - GLOBO,GLOBO - GLOBO,GLOBO - GLOBO,GLOBO - GLOBO,GLOBO - GLOBO,GLOBO - GLOBO,GLOBO - GLOBO,GLOBO - GLOBO,F,F,GLOBO - GLOBO
10,staff2_10,GLOBO - GLOBO,GLOBO - GLOBO,GLOBO - GLOBO,GLOBO - GLOBO,GLOBO - GLOBO,GLOBO - GLOBO,GLOBO - GLOBO,GLOBO - GLOBO,GLOBO - GLOBO,GLOBO - GLOBO,GLOBO - GLOBO,GLOBO - GLOBO,GLOBO - GLOBO,GLOBO - GLOBO,GLOBO - GLOBO,GLOBO - GLOBO,GLOBO - GLOBO,GLOBO - GLOBO,GLOBO - GLOBO,GLOBO - GLOBO,GLOBO - GLOBO,GLOBO - GLOBO,GLOBO - GLOBO,F,F,GLOBO - GLOBO,GLOBO - GLOBO,GLOBO - GLOBO,GLOBO - GLOBO,GLOBO - GLOBO,GLOBO - GLOBO,GLOBO - GLOBO,GLOBO - GLOBO,GLOBO - GLOBO,GLOBO - GLOBO,GLOBO - GLOBO,GLOBO - GLOBO,GLOBO - GLOBO,GLOBO - GLOBO,GLOBO - GLOBO,GLOBO - GLOBO,GLOBO - GLOBO,GLOBO - GLOBO,GLOBO - GLOBO,GLOBO - GLOBO,GLOBO - GLOBO,GLOBO - GLOBO,GLOBO - GLOBO,F,F,GLOBO - GLOBO
11,staff2_11,GLOBO - GLOBO,GLOBO - GLOBO,GLOBO - GLOBO,GLOBO - GLOBO,GLOBO - GLOBO,GLOBO - GLOBO,GLOBO - GLOBO,GLOBO - GLOBO,GLOBO - GLOBO,GLOBO - GLOBO,GLOBO - GLOBO,GLOBO - GLOBO,GLOBO - GLOBO,GLOBO - GLOBO,GLOBO - GLOBO,GLOBO - GLOBO,GLOBO - GLOBO,GLOBO - GLOBO,GLOBO - GLOBO,GLOBO - GLOBO,GLOBO - GLOBO,GLOBO - GLOBO,GLOBO - GLOBO,F,F,GLOBO - GLOBO,GLOBO - GLOBO,GLOBO - GLOBO,GLOBO - GLOBO,GLOBO - GLOBO,GLOBO - GLOBO,GLOBO - GLOBO,GLOBO - GLOBO,GLOBO - GLOBO,GLOBO - GLOBO,GLOBO - GLOBO,GLOBO - GLOBO,GLOBO - GLOBO,GLOBO - GLOBO,GLOBO - GLOBO,GLOBO - GLOBO,GLOBO - GLOBO,GLOBO - GLOBO,GLOBO - GLOBO,GLOBO - GLOBO,GLOBO - GLOBO,GLOBO - GLOBO,GLOBO - GLOBO,F,F,GLOBO - GLOBO
12,staff2_12,BROOKFIELD ENERGY (ELERA),BROOKFIELD ENERGY (ELERA),BROOKFIELD ENERGY (ELERA),BROOKFIELD ENERGY (ELERA),BROOKFIELD ENERGY (ELERA),BROOKFIELD ENERGY (ELERA),BROOKFIELD ENERGY (ELERA),BROOKFIELD ENERGY (ELERA),BROOKFIELD ENERGY (ELERA),BROOKFIELD ENERGY (ELERA),BROOKFIELD ENERGY (ELERA),BROOKFIELD ENERGY (ELERA),BROOKFIELD ENERGY (ELERA),BROOKFIELD ENERGY (ELERA),BROOKFIELD ENERGY (ELERA),BROOKFIELD ENERGY (ELERA),BROOKFIELD ENERGY (ELERA),BROOKFIELD ENERGY (ELERA),BROOKFIELD ENERGY (ELERA),BROOKFIELD ENERGY (ELERA),BROOKFIELD ENERGY (ELERA),BROOKFIELD ENERGY (ELERA),BROOKFIELD ENERGY (ELERA),F,F,BROOKFIELD ENERGY (ELERA),BROOKFIELD ENERGY (ELERA),BROOKFIELD ENERGY (ELERA),BROOKFIELD ENERGY (ELERA),BROOKFIELD ENERGY (ELERA),BROOKFIELD ENERGY (ELERA),BROOKFIELD ENERGY (ELERA),BROOKFIELD ENERGY (ELERA),BROOKFIELD ENERGY (ELERA),BROOKFIELD ENERGY (ELERA),BROOKFIELD ENERGY (ELERA),BROOKFIELD ENERGY (ELERA),BROOKFIELD ENERGY (ELERA),BROOKFIELD ENERGY (ELERA),BROOKFIELD ENERGY (ELERA),BROOKFIELD ENERGY (ELERA),BROOKFIELD ENERGY (ELERA),BROOKFIELD ENERGY (ELERA),BROOKFIELD ENERGY (ELERA),BROOKFIELD ENERGY (ELERA),BROOKFIELD ENERGY (ELERA),BROOKFIELD ENERGY (ELERA),BROOKFIELD ENERGY (ELERA),F,F,BROOKFIELD ENERGY (ELERA)
13,staff2_13,BROOKFIELD ENERGY (ELERA),BROOKFIELD ENERGY (ELERA),BROOKFIELD ENERGY (ELERA),BROOKFIELD ENERGY (ELERA),BROOKFIELD ENERGY (ELERA),BROOKFIELD ENERGY (ELERA),BROOKFIELD ENERGY (ELERA),BROOKFIELD ENERGY (ELERA),BROOKFIELD ENERGY (ELERA),BROOKFIELD ENERGY (ELERA),BROOKFIELD ENERGY (ELERA),BROOKFIELD ENERGY (ELERA),BROOKFIELD ENERGY (ELERA),BROOKFIELD ENERGY (ELERA),BROOKFIELD ENERGY (ELERA),BROOKFIELD ENERGY (ELERA),BROOKFIELD ENERGY (ELERA),BROOKFIELD ENERGY (ELERA),BROOKFIELD ENERGY (ELERA),BROOKFIELD ENERGY (ELERA),BROOKFIELD ENERGY (ELERA),BROOKFIELD ENERGY (ELERA),BROOKFIELD ENERGY (ELERA),F,F,BROOKFIELD ENERGY (ELERA),BROOKFIELD ENERGY (ELERA),BROOKFIELD ENERGY (ELERA),BROOKFIELD ENERGY (ELERA),BROOKFIELD ENERGY (ELERA),BROOKFIELD ENERGY (ELERA),BROOKFIELD ENERGY (ELERA),BROOKFIELD ENERGY (ELERA),BROOKFIELD ENERGY (ELERA),BROOKFIELD ENERGY (ELERA),BROOKFIELD ENERGY (ELERA),BROOKFIELD ENERGY (ELERA),BROOKFIELD ENERGY (ELERA),BROOKFIELD ENERGY (ELERA),BROOKFIELD ENERGY (ELERA),BROOKFIELD ENERGY (ELERA),BROOKFIELD ENERGY (ELERA),BROOKFIELD ENERGY (ELERA),BROOKFIELD ENERGY (ELERA),BROOKFIELD ENERGY (ELERA),BROOKFIELD ENERGY (ELERA),BROOKFIELD ENERGY (ELERA),BROOKFIELD ENERGY (ELERA),F,F,BROOKFIELD ENERGY (ELERA)
14,staff2_14,BROOKFIELD ENERGY (ELERA),BROOKFIELD ENERGY (ELERA),BROOKFIELD ENERGY (ELERA),BROOKFIELD ENERGY (ELERA),BROOKFIELD ENERGY (ELERA),BROOKFIELD ENERGY (ELERA),BROOKFIELD ENERGY (ELERA),BROOKFIELD ENERGY (ELERA),BROOKFIELD ENERGY (ELERA),BROOKFIELD ENERGY (ELERA),BROOKFIELD ENERGY (ELERA),BROOKFIELD ENERGY (ELERA),BROOKFIELD ENERGY (ELERA),BROOKFIELD ENERGY (ELERA),BROOKFIELD ENERGY (ELERA),BROOKFIELD ENERGY (ELERA),BROOKFIELD ENERGY (ELERA),BROOKFIELD ENERGY (ELERA),BROOKFIELD ENERGY (ELERA),BROOKFIELD ENERGY (ELERA),BROOKFIELD ENERGY (ELERA),BROOKFIELD ENERGY (ELERA),BROOKFIELD ENERGY (ELERA),F,F,BROOKFIELD ENERGY (ELERA),BROOKFIELD ENERGY (ELERA),BROOKFIELD ENERGY (ELERA),BROOKFIELD ENERGY (ELERA),BROOKFIELD ENERGY (ELERA),BROOKFIELD ENERGY (ELERA),BROOKFIELD ENERGY (ELERA),BROOKFIELD ENERGY (ELERA),BROOKFIELD ENERGY (ELERA),BROOKFIELD ENERGY (ELERA),BROOKFIELD ENERGY (ELERA),BROOKFIELD ENERGY (ELERA),BROOKFIELD ENERGY (ELERA),BROOKFIELD ENERGY (ELERA),BROOKFIELD ENERGY (ELERA),BROOKFIELD ENERGY (ELERA),BROOKFIELD ENERGY (ELERA),BROOKFIELD ENERGY (ELERA),BROOKFIELD ENERGY (ELERA),BROOKFIELD ENERGY (ELERA),BROOKFIELD ENERGY (ELERA),BROOKFIELD ENERGY (ELERA),BROOKFIELD ENERGY (ELERA),F,F,BROOKFIELD ENERGY (ELERA)
15,staff2_15,VALID,VALID,VALID,,VALID,VALID,VALID,VALID,VALID,,,,,VALID,VALID,VALID,VALID,VALID,VALID,VALID,VALID,VALID,VALID,F,F,VALID,VALID,VALID,VALID,VALID,VALID,VALID,VALID,VALID,VALID,VALID,VALID,VALID,VALID,VALID,VALID,VALID,VALID,VALID,VALID,VALID,,,F,F,
16,staff2_16,,,PETRORIO,PETRORIO,PETRORIO,,,PETRORIO,PETRORIO,PETRORIO,PETRORIO,PETRORIO,,PETRORIO,PETRORIO,PETRORIO,PETRORIO,PETRORIO,PETRORIO,PETRORIO,PETRORIO,PETRORIO,PETRORIO,F,F,PETRORIO,PETRORIO,PETRORIO,PETRORIO,PETRORIO,PETRORIO,PETRORIO,PETRORIO,PETRORIO,PETRORIO,PETRORIO,PETRORIO,PETRORIO,,PETRORIO,PETRORIO,PETRORIO,,,PETRORIO,PETRORIO,PETRORIO,PETRORIO,F,F,PETRORIO
17,staff2_17,ÁGUAS DO BRASIL,ÁGUAS DO BRASIL,ÁGUAS DO BRASIL,,,,,,,,ÁGUAS DO BRASIL,ÁGUAS DO BRASIL,ÁGUAS DO BRASIL,ÁGUAS DO BRASIL,ÁGUAS DO BRASIL,ÁGUAS DO BRASIL,ÁGUAS DO BRASIL,ÁGUAS DO BRASIL,ÁGUAS DO BRASIL,ÁGUAS DO BRASIL,ÁGUAS DO BRASIL,ÁGUAS DO BRASIL,ÁGUAS DO BRASIL,F,F,ÁGUAS DO BRASIL,ÁGUAS DO BRASIL,ÁGUAS DO BRASIL,ÁGUAS DO BRASIL,ÁGUAS DO BRASIL,ÁGUAS DO BRASIL,ÁGUAS DO BRASIL,ÁGUAS DO BRASIL,ÁGUAS DO BRASIL,ÁGUAS DO BRASIL,ÁGUAS DO BRASIL,ÁGUAS DO BRASIL,ÁGUAS DO BRASIL,ÁGUAS DO BRASIL,ÁGUAS DO BRASIL,ÁGUAS DO BRASIL,ÁGUAS DO BRASIL,ÁGUAS DO BRASIL,ÁGUAS DO BRASIL,ÁGUAS DO BRASIL,ÁGUAS DO BRASIL,,,F,F,
18,staff2_18,,,HAZTEC (ORIZON),HAZTEC (ORIZON),HAZTEC (ORIZON),HAZTEC (ORIZON),HAZTEC (ORIZON),HAZTEC (ORIZON),HAZTEC (ORIZON),HAZTEC (ORIZON),,,,HAZTEC (ORIZON),HAZTEC (ORIZON),HAZTEC (ORIZON),HAZTEC (ORIZON),HAZTEC (ORIZON),HAZTEC (ORIZON),HAZTEC (ORIZON),HAZTEC (ORIZON),HAZTEC (ORIZON),HAZTEC (ORIZON),F,F,HAZTEC (ORIZON),HAZTEC (ORIZON),HAZTEC (ORIZON),HAZTEC (ORIZON),HAZTEC (ORIZON),HAZTEC (ORIZON),HAZTEC (ORIZON),HAZTEC (ORIZON),HAZTEC (ORIZON),HAZTEC (ORIZON),HAZTEC (ORIZON),HAZTEC (ORIZON),HAZTEC (ORIZON),,,,HAZTEC (ORIZON),HAZTEC (ORIZON),HAZTEC (ORIZON),HAZTEC (ORIZON),HAZTEC (ORIZON),HAZTEC (ORIZON),HAZTEC (ORIZON),F,F,HAZTEC (ORIZON)
19,staff2_19,NISSAN,NISSAN,NISSAN,,,,,,,,NISSAN,NISSAN,NISSAN,NISSAN,NISSAN,NISSAN,NISSAN,NISSAN,NISSAN,NISSAN,NISSAN,NISSAN,NISSAN,F,F,NISSAN,NISSAN,NISSAN,NISSAN,NISSAN,NISSAN,NISSAN,NISSAN,NISSAN,NISSAN,NISSAN,NISSAN,NISSAN,NISSAN,NISSAN,NISSAN,NISSAN,NISSAN,NISSAN,NISSAN,NISSAN,,,F,F,
20,staff2_20,,,SOTREQ,SOTREQ,SOTREQ,SOTREQ,SOTREQ,SOTREQ,SOTREQ,SOTREQ,,,,SOTREQ,SOTREQ,SOTREQ,SOTREQ,SOTREQ,SOTREQ,SOTREQ,SOTREQ,SOTREQ,SOTREQ,F,F,SOTREQ,SOTREQ,SOTREQ,SOTREQ,SOTREQ,SOTREQ,SOTREQ,SOTREQ,SOTREQ,SOTREQ,SOTREQ,SOTREQ,SOTREQ,,SOTREQ,SOTREQ,SOTREQ,,,SOTREQ,SOTREQ,SOTREQ,SOTREQ,F,F,SOTREQ
21,staff2_21,SHELL/BG,SHELL/BG,SHELL/BG,,,,,,,,SHELL/BG,SHELL/BG,SHELL/BG,SHELL/BG,SHELL/BG,SHELL/BG,SHELL/BG,SHELL/BG,SHELL/BG,SHELL/BG,SHELL/BG,SHELL/BG,SHELL/BG,F,F,SHELL/BG,SHELL/BG,SHELL/BG,SHELL/BG,SHELL/BG,SHELL/BG,SHELL/BG,SHELL/BG,SHELL/BG,SHELL/BG,SHELL/BG,SHELL/BG,SHELL/BG,SHELL/BG,SHELL/BG,SHELL/BG,SHELL/BG,SHELL/BG,SHELL/BG,SHELL/BG,SHELL/BG,,,F,F,
22,staff2_22,,,GLOBENET (VTAL),GLOBENET (VTAL),GLOBENET (VTAL),GLOBENET (VTAL),GLOBENET (VTAL),GLOBENET (VTAL),GLOBENET (VTAL),GLOBENET (VTAL),,,,GLOBENET (VTAL),GLOBENET (VTAL),GLOBENET (VTAL),GLOBENET (VTAL),GLOBENET (VTAL),GLOBENET (VTAL),GLOBENET (VTAL),GLOBENET (VTAL),GLOBENET (VTAL),GLOBENET (VTAL),F,F,GLOBENET (VTAL),GLOBENET (VTAL),GLOBENET (VTAL),GLOBENET (VTAL),GLOBENET (VTAL),GLOBENET (VTAL),GLOBENET (VTAL),GLOBENET (VTAL),GLOBENET (VTAL),GLOBENET (VTAL),GLOBENET (VTAL),GLOBENET (VTAL),GLOBENET (VTAL),,,,GLOBENET (VTAL),GLOBENET (VTAL),GLOBENET (VTAL),GLOBENET (VTAL),GLOBENET (VTAL),GLOBENET (VTAL),GLOBENET (VTAL),F,F,GLOBENET (VTAL)
23,staff2_23,GRUPO SOMA,GRUPO SOMA,GRUPO SOMA,,,,,,,,GRUPO SOMA,GRUPO SOMA,GRUPO SOMA,GRUPO SOMA,GRUPO SOMA,GRUPO SOMA,GRUPO SOMA,GRUPO SOMA,GRUPO SOMA,GRUPO SOMA,GRUPO SOMA,GRUPO SOMA,GRUPO SOMA,F,F,GRUPO SOMA,GRUPO SOMA,GRUPO SOMA,GRUPO SOMA,GRUPO SOMA,GRUPO SOMA,GRUPO SOMA,GRUPO SOMA,GRUPO SOMA,GRUPO SOMA,GRUPO SOMA,GRUPO SOMA,GRUPO SOMA,GRUPO SOMA,GRUPO SOMA,GRUPO SOMA,GRUPO SOMA,GRUPO SOMA,GRUPO SOMA,GRUPO SOMA,GRUPO SOMA,,,F,F,
24,staff2_24,,,COMMIT (GASPETRO),COMMIT (GASPETRO),COMMIT (GASPETRO),COMMIT (GASPETRO),COMMIT (GASPETRO),COMMIT (GASPETRO),COMMIT (GASPETRO),COMMIT (GASPETRO),,,,COMMIT (GASPETRO),COMMIT (GASPETRO),COMMIT (GASPETRO),COMMIT (GASPETRO),COMMIT (GASPETRO),COMMIT (GASPETRO),COMMIT (GASPETRO),COMMIT (GASPETRO),COMMIT (GASPETRO),COMMIT (GASPETRO),F,F,COMMIT (GASPETRO),COMMIT (GASPETRO),COMMIT (GASPETRO),COMMIT (GASPETRO),COMMIT (GASPETRO),COMMIT (GASPETRO),COMMIT (GASPETRO),COMMIT (GASPETRO),COMMIT (GASPETRO),COMMIT (GASPETRO),COMMIT (GASPETRO),COMMIT (GASPETRO),COMMIT (GASPETRO),,COMMIT (GASPETRO),COMMIT (GASPETRO),COMMIT (GASPETRO),,,COMMIT (GASPETRO),COMMIT (GASPETRO),COMMIT (GASPETRO),COMMIT (GASPETRO),F,F,COMMIT (GASPETRO)
25,staff2_25,TOTAL,TOTAL,,,,,,,,,TOTAL,TOTAL,TOTAL,TOTAL,TOTAL,TOTAL,TOTAL,TOTAL,TOTAL,TOTAL,TOTAL,TOTAL,TOTAL,F,F,TOTAL,TOTAL,TOTAL,TOTAL,TOTAL,,TOTAL,TOTAL,TOTAL,TOTAL,TOTAL,TOTAL,TOTAL,TOTAL,TOTAL,TOTAL,TOTAL,TOTAL,TOTAL,,,,,F,F,
26,staff2_26,,,,BR MALLS,BR MALLS,BR MALLS,BR MALLS,BR MALLS,BR MALLS,,,,,BR MALLS,BR MALLS,BR MALLS,BR MALLS,BR MALLS,BR MALLS,BR MALLS,BR MALLS,,,F,F,BR MALLS,BR MALLS,BR MALLS,BR MALLS,BR MALLS,BR MALLS,BR MALLS,BR MALLS,BR MALLS,BR MALLS,BR MALLS,BR MALLS,BR MALLS,,,,,BR MALLS,BR MALLS,,BR MALLS,BR MALLS,BR MALLS,F,F,BR MALLS
27,staff2_27,GGSH,GGSH,,,,,,,GGSH,GGSH,GGSH,GGSH,,GGSH,GGSH,,,GGSH,GGSH,GGSH,GGSH,GGSH,GGSH,F,F,GGSH,GGSH,GGSH,GGSH,GGSH,GGSH,GGSH,GGSH,GGSH,GGSH,GGSH,GGSH,GGSH,GGSH,GGSH,GGSH,GGSH,GGSH,GGSH,,,,,F,F,
28,staff2_28,,,,ALIANSCE,ALIANSCE,,,,,,ALIANSCE,ALIANSCE,ALIANSCE,ALIANSCE,,ALIANSCE,ALIANSCE,ALIANSCE,ALIANSCE,ALIANSCE,ALIANSCE,ALIANSCE,ALIANSCE,F,F,ALIANSCE,ALIANSCE,ALIANSCE,ALIANSCE,ALIANSCE,ALIANSCE,ALIANSCE,ALIANSCE,ALIANSCE,ALIANSCE,ALIANSCE,ALIANSCE,ALIANSCE,,ALIANSCE,ALIANSCE,,,,,ALIANSCE,ALIANSCE,ALIANSCE,F,F,ALIANSCE
29,staff2_29,EQUINOR,EQUINOR,,,EQUINOR,EQUINOR,EQUINOR,EQUINOR,,,,,,,EQUINOR,EQUINOR,EQUINOR,EQUINOR,EQUINOR,EQUINOR,EQUINOR,EQUINOR,EQUINOR,F,F,EQUINOR,EQUINOR,EQUINOR,EQUINOR,EQUINOR,,EQUINOR,EQUINOR,EQUINOR,EQUINOR,EQUINOR,EQUINOR,EQUINOR,EQUINOR,EQUINOR,EQUINOR,EQUINOR,EQUINOR,EQUINOR,,,,,F,F,
30,staff2_30,,,,V2i,V2i,,,V2i,V2i,V2i,V2i,,,V2i,V2i,V2i,V2i,V2i,V2i,V2i,V2i,,,F,F,V2i,V2i,V2i,V2i,V2i,V2i,V2i,V2i,V2i,V2i,V2i,V2i,V2i,,,,,V2i,V2i,,V2i,V2i,V2i,F,F,V2i
31,staff2_31,PEUGEOT CITROEN (BH),PEUGEOT CITROEN (BH),,,,,,,,,PEUGEOT CITROEN (BH),PEUGEOT CITROEN (BH),PEUGEOT CITROEN (BH),PEUGEOT CITROEN (BH),PEUGEOT CITROEN (BH),PEUGEOT CITROEN (BH),,PEUGEOT CITROEN (BH),PEUGEOT CITROEN (BH),PEUGEOT CITROEN (BH),PEUGEOT CITROEN (BH),PEUGEOT CITROEN (BH),PEUGEOT CITROEN (BH),F,F,PEUGEOT CITROEN (BH),PEUGEOT CITROEN (BH),PEUGEOT CITROEN (BH),PEUGEOT CITROEN (BH),PEUGEOT CITROEN (BH),PEUGEOT CITROEN (BH),PEUGEOT CITROEN (BH),PEUGEOT CITROEN (BH),PEUGEOT CITROEN (BH),PEUGEOT CITROEN (BH),PEUGEOT CITROEN (BH),PEUGEOT CITROEN (BH),PEUGEOT CITROEN (BH),PEUGEOT CITROEN (BH),PEUGEOT CITROEN (BH),PEUGEOT CITROEN (BH),PEUGEOT CITROEN (BH),PEUGEOT CITROEN (BH),PEUGEOT CITROEN (BH),,,,,F,F,
32,staff2_32,,,PETROMAIS (Origem Energia),PETROMAIS (Origem Energia),PETROMAIS (Origem Energia),PETROMAIS (Origem Energia),PETROMAIS (Origem Energia),PETROMAIS (Origem Energia),,,,,,,,PETROMAIS (Origem Energia),PETROMAIS (Origem Energia),PETROMAIS (Origem Energia),PETROMAIS (Origem Energia),PETROMAIS (Origem Energia),PETROMAIS (Origem Energia),PETROMAIS (Origem Energia),PETROMAIS (Origem Energia),F,F,PETROMAIS (Origem Energia),PETROMAIS (Origem Energia),PETROMAIS (Origem Energia),PETROMAIS (Origem Energia),PETROMAIS (Origem Energia),PETROMAIS (Origem Energia),PETROMAIS (Origem Energia),PETROMAIS (Origem Energia),PETROMAIS (Origem Energia),PETROMAIS (Origem Energia),PETROMAIS (Origem Energia),PETROMAIS (Origem Energia),PETROMAIS (Origem Energia),,PETROMAIS (Origem Energia),PETROMAIS (Origem Energia),,,,,PETROMAIS (Origem Energia),PETROMAIS (Origem Energia),PETROMAIS (Origem Energia),F,F,PETROMAIS (Origem Energia)
33,staff2_33,EVOLTZ,EVOLTZ,,,,,,,EVOLTZ,EVOLTZ,EVOLTZ,,,EVOLTZ,EVOLTZ,EVOLTZ,EVOLTZ,EVOLTZ,EVOLTZ,EVOLTZ,EVOLTZ,EVOLTZ,EVOLTZ,F,F,,,,,,,,,EVOLTZ,EVOLTZ,EVOLTZ,EVOLTZ,EVOLTZ,EVOLTZ,EVOLTZ,EVOLTZ,,EVOLTZ,EVOLTZ,,,,,F,F,
34,staff2_34,,,COCA COLA,COCA COLA,,,,,,,,COCA COLA,COCA COLA,COCA COLA,COCA COLA,COCA COLA,COCA COLA,COCA COLA,COCA COLA,COCA COLA,,,,F,F,,,,COCA COLA,COCA COLA,COCA COLA,COCA COLA,,COCA COLA,COCA COLA,COCA COLA,COCA COLA,COCA COLA,,,,COCA COLA,COCA COLA,,,COCA COLA,COCA COLA,COCA COLA,F,F,
35,staff2_35,PROFARMA,PROFARMA,,,PROFARMA,PROFARMA,PROFARMA,,,,,,,PROFARMA,PROFARMA,,,,,,PROFARMA,PROFARMA,PROFARMA,F,F,PROFARMA,,,,PROFARMA,PROFARMA,PROFARMA,PROFARMA,PROFARMA,PROFARMA,PROFARMA,PROFARMA,PROFARMA,,,,,PROFARMA,PROFARMA,,,PROFARMA,PROFARMA,F,F,PROFARMA
36,staff2_36,,,CATARATAS DO IGUAÇU,CATARATAS DO IGUAÇU,,,,,CATARATAS DO IGUAÇU,CATARATAS DO IGUAÇU,CATARATAS DO IGUAÇU,,,,,CATARATAS DO IGUAÇU,CATARATAS DO IGUAÇU,,,CATARATAS DO IGUAÇU,CATARATAS DO IGUAÇU,CATARATAS DO IGUAÇU,CATARATAS DO IGUAÇU,F,F,CATARATAS DO IGUAÇU,CATARATAS DO IGUAÇU,CATARATAS DO IGUAÇU,CATARATAS DO IGUAÇU,,,,,CATARATAS DO IGUAÇU,CATARATAS DO IGUAÇU,CATARATAS DO IGUAÇU,CATARATAS DO IGUAÇU,CATARATAS DO IGUAÇU,CATARATAS DO IGUAÇU,CATARATAS DO IGUAÇU,CATARATAS DO IGUAÇU,CATARATAS DO IGUAÇU,CATARATAS DO IGUAÇU,,,,,,F,F,
37,staff2_37,OLX (Bom Negócio),OLX (Bom Negócio),,,,,,,,,,OLX (Bom Negócio),OLX (Bom Negócio),OLX (Bom Negócio),OLX (Bom Negócio),OLX (Bom Negócio),OLX (Bom Negócio),OLX (Bom Negócio),OLX (Bom Negócio),OLX (Bom Negócio),,,,F,F,,,,,OLX (Bom Negócio),OLX (Bom Negócio),OLX (Bom Negócio),OLX (Bom Negócio),OLX (Bom Negócio),OLX (Bom Negócio),OLX (Bom Negócio),OLX (Bom Negócio),OLX (Bom Negócio),,,,OLX (Bom Negócio),OLX (Bom Negócio),OLX (Bom Negócio),OLX (Bom Negócio),OLX (Bom Negócio),,,F,F,
38,staff2_38,,,,CYMI ,CYMI ,CYMI ,CYMI ,CYMI ,,,,,,CYMI ,CYMI ,,,,,CYMI ,CYMI ,CYMI ,CYMI ,F,F,CYMI ,CYMI ,CYMI ,CYMI ,,,,,CYMI ,CYMI ,CYMI ,CYMI ,CYMI ,,CYMI ,CYMI ,,,,,,CYMI ,CYMI ,F,F,CYMI 
39,staff2_39,TECHNOS,TECHNOS,,,,,,,TECHNOS,TECHNOS,TECHNOS,,,,,TECHNOS,TECHNOS,,,,TECHNOS,TECHNOS,TECHNOS,F,F,TECHNOS,,,,TECHNOS,TECHNOS,TECHNOS,TECHNOS,TECHNOS,TECHNOS,TECHNOS,TECHNOS,TECHNOS,TECHNOS,TECHNOS,TECHNOS,,TECHNOS,TECHNOS,,,,,F,F,
40,staff2_40,,,GLOBO - EDITORA GLOBO S.A.,GLOBO - EDITORA GLOBO S.A.,,,,,,,,GLOBO - EDITORA GLOBO S.A.,GLOBO - EDITORA GLOBO S.A.,GLOBO - EDITORA GLOBO S.A.,GLOBO - EDITORA GLOBO S.A.,GLOBO - EDITORA GLOBO S.A.,,,,,,,GLOBO - EDITORA GLOBO S.A.,F,F,GLOBO - EDITORA GLOBO S.A.,GLOBO - EDITORA GLOBO S.A.,GLOBO - EDITORA GLOBO S.A.,GLOBO - EDITORA GLOBO S.A.,GLOBO - EDITORA GLOBO S.A.,GLOBO - EDITORA GLOBO S.A.,GLOBO - EDITORA GLOBO S.A.,,GLOBO - EDITORA GLOBO S.A.,GLOBO - EDITORA GLOBO S.A.,GLOBO - EDITORA GLOBO S.A.,GLOBO - EDITORA GLOBO S.A.,GLOBO - EDITORA GLOBO S.A.,,,GLOBO - EDITORA GLOBO S.A.,GLOBO - EDITORA GLOBO S.A.,,GLOBO - EDITORA GLOBO S.A.,GLOBO - EDITORA GLOBO S.A.,GLOBO - EDITORA GLOBO S.A.,,,F,F,
41,staff2_41,D1000,D1000,,,D1000,D1000,D1000,,,,,,,,D1000,D1000,D1000,D1000,D1000,D1000,D1000,D1000,D1000,F,F,D1000,,,,,,,,D1000,D1000,D1000,D1000,D1000,,D1000,D1000,,,,,,D1000,D1000,F,F,D1000
42,staff2_42,,,SILIMED,SILIMED,,,,,SILIMED,SILIMED,SILIMED,,,SILIMED,SILIMED,,,,,,,,,F,F,SILIMED,SILIMED,SILIMED,SILIMED,SILIMED,SILIMED,SILIMED,SILIMED,SILIMED,SILIMED,SILIMED,SILIMED,SILIMED,SILIMED,SILIMED,SILIMED,SILIMED,SILIMED,,,,,,F,F,
43,staff2_43,CLUBE DE REGATAS DO FLAMENGO,CLUBE DE REGATAS DO FLAMENGO,,,,,,,,,,CLUBE DE REGATAS DO FLAMENGO,CLUBE DE REGATAS DO FLAMENGO,CLUBE DE REGATAS DO FLAMENGO,CLUBE DE REGATAS DO FLAMENGO,CLUBE DE REGATAS DO FLAMENGO,CLUBE DE REGATAS DO FLAMENGO,CLUBE DE REGATAS DO FLAMENGO,CLUBE DE REGATAS DO FLAMENGO,CLUBE DE REGATAS DO FLAMENGO,CLUBE DE REGATAS DO FLAMENGO,CLUBE DE REGATAS DO FLAMENGO,CLUBE DE REGATAS DO FLAMENGO,F,F,CLUBE DE REGATAS DO FLAMENGO,,,,,,,,CLUBE DE REGATAS DO FLAMENGO,CLUBE DE REGATAS DO FLAMENGO,CLUBE DE REGATAS DO FLAMENGO,CLUBE DE REGATAS DO FLAMENGO,CLUBE DE REGATAS DO FLAMENGO,,,,CLUBE DE REGATAS DO FLAMENGO,CLUBE DE REGATAS DO FLAMENGO,CLUBE DE REGATAS DO FLAMENGO,CLUBE DE REGATAS DO FLAMENGO,CLUBE DE REGATAS DO FLAMENGO,,,F,F,
44,staff2_44,,,,PORTO SUDESTE,PORTO SUDESTE,PORTO SUDESTE,PORTO SUDESTE,PORTO SUDESTE,,,,,,,,,PORTO SUDESTE,PORTO SUDESTE,,,,,,F,F,PORTO SUDESTE,PORTO SUDESTE,PORTO SUDESTE,PORTO SUDESTE,PORTO SUDESTE,PORTO SUDESTE,PORTO SUDESTE,PORTO SUDESTE,PORTO SUDESTE,PORTO SUDESTE,PORTO SUDESTE,PORTO SUDESTE,PORTO SUDESTE,,,,,PORTO SUDESTE,PORTO SUDESTE,,,PORTO SUDESTE,PORTO SUDESTE,F,F,PORTO SUDESTE
45,staff2_45,ALMAVIVA,ALMAVIVA,,,,,,,ALMAVIVA,ALMAVIVA,ALMAVIVA,,,ALMAVIVA,ALMAVIVA,ALMAVIVA,ALMAVIVA,ALMAVIVA,ALMAVIVA,ALMAVIVA,ALMAVIVA,ALMAVIVA,ALMAVIVA,F,F,,,,,,,,,ALMAVIVA,ALMAVIVA,ALMAVIVA,ALMAVIVA,ALMAVIVA,ALMAVIVA,ALMAVIVA,ALMAVIVA,ALMAVIVA,ALMAVIVA,,,,,,F,F,
46,staff2_46,,,WSUT (Magalhanes Navegação),WSUT (Magalhanes Navegação),,,,,,,,WSUT (Magalhanes Navegação),WSUT (Magalhanes Navegação),WSUT (Magalhanes Navegação),WSUT (Magalhanes Navegação),WSUT (Magalhanes Navegação),,,,,,,,F,F,WSUT (Magalhanes Navegação),WSUT (Magalhanes Navegação),WSUT (Magalhanes Navegação),WSUT (Magalhanes Navegação),WSUT (Magalhanes Navegação),WSUT (Magalhanes Navegação),WSUT (Magalhanes Navegação),WSUT (Magalhanes Navegação),WSUT (Magalhanes Navegação),WSUT (Magalhanes Navegação),WSUT (Magalhanes Navegação),WSUT (Magalhanes Navegação),WSUT (Magalhanes Navegação),,,,WSUT (Magalhanes Navegação),WSUT (Magalhanes Navegação),WSUT (Magalhanes Navegação),WSUT (Magalhanes Navegação),WSUT (Magalhanes Navegação),,,F,F,
47,staff2_47,,,,INSPIRA MUNDANÇA PART.,INSPIRA MUNDANÇA PART.,INSPIRA MUNDANÇA PART.,INSPIRA MUNDANÇA PART.,INSPIRA MUNDANÇA PART.,,,,,,,INSPIRA MUNDANÇA PART.,INSPIRA MUNDANÇA PART.,INSPIRA MUNDANÇA PART.,INSPIRA MUNDANÇA PART.,INSPIRA MUNDANÇA PART.,INSPIRA MUNDANÇA PART.,INSPIRA MUNDANÇA PART.,INSPIRA MUNDANÇA PART.,INSPIRA MUNDANÇA PART.,F,F,INSPIRA MUNDANÇA PART.,,,,,,,,INSPIRA MUNDANÇA PART.,INSPIRA MUNDANÇA PART.,INSPIRA MUNDANÇA PART.,INSPIRA MUNDANÇA PART.,INSPIRA MUNDANÇA PART.,,INSPIRA MUNDANÇA PART.,INSPIRA MUNDANÇA PART.,,,,,,INSPIRA MUNDANÇA PART.,INSPIRA MUNDANÇA PART.,F,F,INSPIRA MUNDANÇA PART.
48,staff2_48,CASA GRANADO,CASA GRANADO,,,,,,,CASA GRANADO,CASA GRANADO,CASA GRANADO,,,CASA GRANADO,CASA GRANADO,,,,,,,,,F,F,CASA GRANADO,CASA GRANADO,CASA GRANADO,CASA GRANADO,CASA GRANADO,CASA GRANADO,CASA GRANADO,CASA GRANADO,CASA GRANADO,CASA GRANADO,CASA GRANADO,CASA GRANADO,CASA GRANADO,CASA GRANADO,CASA GRANADO,CASA GRANADO,,CASA GRANADO,CASA GRANADO,,,,,F,F,
49,staff2_49,,MRO,MRO,,,,,,,,,MRO,MRO,MRO,MRO,MRO,MRO,MRO,MRO,MRO,MRO,MRO,MRO,F,F,MRO,,,,,,,,MRO,MRO,MRO,MRO,MRO,,,MRO,MRO,,MRO,MRO,MRO,,,F,F,
50,staff2_50,,,,SAPURA,SAPURA,SAPURA,SAPURA,SAPURA,,,,,,,,,SAPURA,SAPURA,,,,,,F,F,SAPURA,SAPURA,SAPURA,SAPURA,SAPURA,SAPURA,SAPURA,SAPURA,SAPURA,SAPURA,SAPURA,SAPURA,SAPURA,,SAPURA,SAPURA,,,,,,SAPURA,SAPURA,F,F,SAPURA
51,staff2_51,KATRIUM,KATRIUM,,,,,,,KATRIUM,KATRIUM,KATRIUM,,,KATRIUM,KATRIUM,KATRIUM,KATRIUM,KATRIUM,KATRIUM,KATRIUM,KATRIUM,KATRIUM,KATRIUM,F,F,,,,,,,,,KATRIUM,KATRIUM,KATRIUM,KATRIUM,KATRIUM,KATRIUM,KATRIUM,KATRIUM,KATRIUM,KATRIUM,,,,,,F,F,
52,staff2_52,,,DELLY COSMETICOS,DELLY COSMETICOS,,,,,,,,DELLY COSMETICOS,DELLY COSMETICOS,DELLY COSMETICOS,DELLY COSMETICOS,DELLY COSMETICOS,,,,,,,,F,F,DELLY COSMETICOS,DELLY COSMETICOS,DELLY COSMETICOS,DELLY COSMETICOS,DELLY COSMETICOS,DELLY COSMETICOS,DELLY COSMETICOS,DELLY COSMETICOS,DELLY COSMETICOS,DELLY COSMETICOS,DELLY COSMETICOS,DELLY COSMETICOS,DELLY COSMETICOS,,,,DELLY COSMETICOS,DELLY COSMETICOS,DELLY COSMETICOS,DELLY COSMETICOS,DELLY COSMETICOS,,,F,F,
53,staff2_53,,,,NATIONAL OIL,NATIONAL OIL,NATIONAL OIL,NATIONAL OIL,NATIONAL OIL,,,,,,,NATIONAL OIL,NATIONAL OIL,NATIONAL OIL,NATIONAL OIL,NATIONAL OIL,NATIONAL OIL,NATIONAL OIL,NATIONAL OIL,NATIONAL OIL,F,F,NATIONAL OIL,,,,,,,,NATIONAL OIL,NATIONAL OIL,NATIONAL OIL,NATIONAL OIL,NATIONAL OIL,,,,,NATIONAL OIL,NATIONAL OIL,,,NATIONAL OIL,NATIONAL OIL,F,F,NATIONAL OIL
54,staff2_54,OCEÂNICA ENGENHARIA,OCEÂNICA ENGENHARIA,,,,,,,OCEÂNICA ENGENHARIA,OCEÂNICA ENGENHARIA,OCEÂNICA ENGENHARIA,,,OCEÂNICA ENGENHARIA,OCEÂNICA ENGENHARIA,,,,,,,,,F,F,OCEÂNICA ENGENHARIA,OCEÂNICA ENGENHARIA,OCEÂNICA ENGENHARIA,OCEÂNICA ENGENHARIA,OCEÂNICA ENGENHARIA,OCEÂNICA ENGENHARIA,OCEÂNICA ENGENHARIA,OCEÂNICA ENGENHARIA,OCEÂNICA ENGENHARIA,OCEÂNICA ENGENHARIA,OCEÂNICA ENGENHARIA,OCEÂNICA ENGENHARIA,OCEÂNICA ENGENHARIA,OCEÂNICA ENGENHARIA,OCEÂNICA ENGENHARIA,OCEÂNICA ENGENHARIA,OCEÂNICA ENGENHARIA,OCEÂNICA ENGENHARIA,,,,,,F,F,
55,staff2_55,,ENERFLEX,ENERFLEX,,,,,,,,,ENERFLEX,ENERFLEX,ENERFLEX,ENERFLEX,ENERFLEX,ENERFLEX,ENERFLEX,ENERFLEX,ENERFLEX,ENERFLEX,ENERFLEX,ENERFLEX,F,F,ENERFLEX,,,,,,,,ENERFLEX,ENERFLEX,ENERFLEX,ENERFLEX,ENERFLEX,,,,ENERFLEX,ENERFLEX,ENERFLEX,ENERFLEX,ENERFLEX,,,F,F,
56,staff2_56,,,,FAZENDA AGRO SB (Opportunity),FAZENDA AGRO SB (Opportunity),FAZENDA AGRO SB (Opportunity),FAZENDA AGRO SB (Opportunity),FAZENDA AGRO SB (Opportunity),,,,,,,,,FAZENDA AGRO SB (Opportunity),FAZENDA AGRO SB (Opportunity),,,,,,F,F,FAZENDA AGRO SB (Opportunity),FAZENDA AGRO SB (Opportunity),FAZENDA AGRO SB (Opportunity),FAZENDA AGRO SB (Opportunity),FAZENDA AGRO SB (Opportunity),FAZENDA AGRO SB (Opportunity),FAZENDA AGRO SB (Opportunity),FAZENDA AGRO SB (Opportunity),FAZENDA AGRO SB (Opportunity),FAZENDA AGRO SB (Opportunity),FAZENDA AGRO SB (Opportunity),FAZENDA AGRO SB (Opportunity),FAZENDA AGRO SB (Opportunity),,FAZENDA AGRO SB (Opportunity),FAZENDA AGRO SB (Opportunity),,,,,,FAZENDA AGRO SB (Opportunity),FAZENDA AGRO SB (Opportunity),F,F,FAZENDA AGRO SB (Opportunity)
57,staff2_57,BRAMEX,,,,,,,,BRAMEX,BRAMEX,BRAMEX,,,BRAMEX,,BRAMEX,BRAMEX,BRAMEX,BRAMEX,BRAMEX,BRAMEX,BRAMEX,BRAMEX,F,F,,,,,,,,,BRAMEX,BRAMEX,BRAMEX,BRAMEX,BRAMEX,BRAMEX,BRAMEX,BRAMEX,,,BRAMEX,,,,,F,F,
58,staff2_58,,,PETRONAS,,,,,,,,,PETRONAS,PETRONAS,PETRONAS,PETRONAS,,,,,,,,,F,F,PETRONAS,PETRONAS,PETRONAS,PETRONAS,PETRONAS,PETRONAS,PETRONAS,PETRONAS,PETRONAS,PETRONAS,PETRONAS,PETRONAS,PETRONAS,,,,PETRONAS,,PETRONAS,PETRONAS,PETRONAS,,,F,F,
59,staff2_59,,,,,SUPERMERCADO ZONA SUL,SUPERMERCADO ZONA SUL,SUPERMERCADO ZONA SUL,SUPERMERCADO ZONA SUL,,,,,,,SUPERMERCADO ZONA SUL,SUPERMERCADO ZONA SUL,SUPERMERCADO ZONA SUL,SUPERMERCADO ZONA SUL,SUPERMERCADO ZONA SUL,SUPERMERCADO ZONA SUL,SUPERMERCADO ZONA SUL,SUPERMERCADO ZONA SUL,SUPERMERCADO ZONA SUL,F,F,,,,,,,,,SUPERMERCADO ZONA SUL,SUPERMERCADO ZONA SUL,SUPERMERCADO ZONA SUL,SUPERMERCADO ZONA SUL,SUPERMERCADO ZONA SUL,,SUPERMERCADO ZONA SUL,,,,,,,SUPERMERCADO ZONA SUL,SUPERMERCADO ZONA SUL,F,F,SUPERMERCADO ZONA SUL
60,staff2_60,PARANAÍBA (PTE),,,,,,,,PARANAÍBA (PTE),PARANAÍBA (PTE),PARANAÍBA (PTE),,,PARANAÍBA (PTE),,,,,,,,,,F,F,PARANAÍBA (PTE),PARANAÍBA (PTE),PARANAÍBA (PTE),PARANAÍBA (PTE),PARANAÍBA (PTE),PARANAÍBA (PTE),PARANAÍBA (PTE),PARANAÍBA (PTE),PARANAÍBA (PTE),PARANAÍBA (PTE),PARANAÍBA (PTE),PARANAÍBA (PTE),PARANAÍBA (PTE),PARANAÍBA (PTE),PARANAÍBA (PTE),PARANAÍBA (PTE),PARANAÍBA (PTE),,,,,,,F,F,
61,staff2_61,,,LIBRA TERMINAL PORTUARIO (ICTSI),,,,,,,,,LIBRA TERMINAL PORTUARIO (ICTSI),LIBRA TERMINAL PORTUARIO (ICTSI),LIBRA TERMINAL PORTUARIO (ICTSI),LIBRA TERMINAL PORTUARIO (ICTSI),LIBRA TERMINAL PORTUARIO (ICTSI),LIBRA TERMINAL PORTUARIO (ICTSI),LIBRA TERMINAL PORTUARIO (ICTSI),LIBRA TERMINAL PORTUARIO (ICTSI),LIBRA TERMINAL PORTUARIO (ICTSI),LIBRA TERMINAL PORTUARIO (ICTSI),LIBRA TERMINAL PORTUARIO (ICTSI),LIBRA TERMINAL PORTUARIO (ICTSI),F,F,,,,,,,,,LIBRA TERMINAL PORTUARIO (ICTSI),LIBRA TERMINAL PORTUARIO (ICTSI),LIBRA TERMINAL PORTUARIO (ICTSI),LIBRA TERMINAL PORTUARIO (ICTSI),LIBRA TERMINAL PORTUARIO (ICTSI),,,,,LIBRA TERMINAL PORTUARIO (ICTSI),LIBRA TERMINAL PORTUARIO (ICTSI),LIBRA TERMINAL PORTUARIO (ICTSI),LIBRA TERMINAL PORTUARIO (ICTSI),,,F,F,
62,staff2_62,,,,,TEEKAY,TEEKAY,TEEKAY,TEEKAY,,,,,,,,,TEEKAY,,,,,,,F,F,TEEKAY,TEEKAY,TEEKAY,TEEKAY,TEEKAY,TEEKAY,TEEKAY,TEEKAY,TEEKAY,TEEKAY,TEEKAY,TEEKAY,TEEKAY,,,,TEEKAY,,,,,TEEKAY,TEEKAY,F,F,TEEKAY
63,staff2_63,CANAL DE ISABEL II (Emissão S.A.),,,,,,,,CANAL DE ISABEL II (Emissão S.A.),CANAL DE ISABEL II (Emissão S.A.),CANAL DE ISABEL II (Emissão S.A.),,,,CANAL DE ISABEL II (Emissão S.A.),CANAL DE ISABEL II (Emissão S.A.),CANAL DE ISABEL II (Emissão S.A.),CANAL DE ISABEL II (Emissão S.A.),CANAL DE ISABEL II (Emissão S.A.),CANAL DE ISABEL II (Emissão S.A.),CANAL DE ISABEL II (Emissão S.A.),CANAL DE ISABEL II (Emissão S.A.),CANAL DE ISABEL II (Emissão S.A.),F,F,,,,,,,,,CANAL DE ISABEL II (Emissão S.A.),CANAL DE ISABEL II (Emissão S.A.),CANAL DE ISABEL II (Emissão S.A.),CANAL DE ISABEL II (Emissão S.A.),CANAL DE ISABEL II (Emissão S.A.),CANAL DE ISABEL II (Emissão S.A.),CANAL DE ISABEL II (Emissão S.A.),CANAL DE ISABEL II (Emissão S.A.),,,CANAL DE ISABEL II (Emissão S.A.),,,,,F,F,
64,staff2_64,,DOMINOS (DP Brasil Participações),,,,,,,,,,DOMINOS (DP Brasil Participações),DOMINOS (DP Brasil Participações),DOMINOS (DP Brasil Participações),DOMINOS (DP Brasil Participações),,,,,,,,,F,F,DOMINOS (DP Brasil Participações),DOMINOS (DP Brasil Participações),DOMINOS (DP Brasil Participações),DOMINOS (DP Brasil Participações),DOMINOS (DP Brasil Participações),DOMINOS (DP Brasil Participações),DOMINOS (DP Brasil Participações),DOMINOS (DP Brasil Participações),DOMINOS (DP Brasil Participações),DOMINOS (DP Brasil Participações),DOMINOS (DP Brasil Participações),DOMINOS (DP Brasil Participações),DOMINOS (DP Brasil Participações),,,,DOMINOS (DP Brasil Participações),,DOMINOS (DP Brasil Participações),DOMINOS (DP Brasil Participações),DOMINOS (DP Brasil Participações),,,F,F,
65,staff2_65,,,EDISON CHOUEST (BRAM) ,,EDISON CHOUEST (BRAM) ,EDISON CHOUEST (BRAM) ,EDISON CHOUEST (BRAM) ,,,,,,,,EDISON CHOUEST (BRAM) ,EDISON CHOUEST (BRAM) ,EDISON CHOUEST (BRAM) ,EDISON CHOUEST (BRAM) ,EDISON CHOUEST (BRAM) ,EDISON CHOUEST (BRAM) ,EDISON CHOUEST (BRAM) ,EDISON CHOUEST (BRAM) ,EDISON CHOUEST (BRAM) ,F,F,,,,,,,,,EDISON CHOUEST (BRAM) ,EDISON CHOUEST (BRAM) ,EDISON CHOUEST (BRAM) ,EDISON CHOUEST (BRAM) ,EDISON CHOUEST (BRAM) ,,EDISON CHOUEST (BRAM) ,,,,,,,EDISON CHOUEST (BRAM) ,EDISON CHOUEST (BRAM) ,F,F,EDISON CHOUEST (BRAM) 
66,staff2_66,,,,FARSTAD SHIPPING,,,FARSTAD SHIPPING,FARSTAD SHIPPING,FARSTAD SHIPPING,,,,,FARSTAD SHIPPING,,,,,,,,,,F,F,FARSTAD SHIPPING,FARSTAD SHIPPING,FARSTAD SHIPPING,FARSTAD SHIPPING,FARSTAD SHIPPING,FARSTAD SHIPPING,FARSTAD SHIPPING,FARSTAD SHIPPING,FARSTAD SHIPPING,FARSTAD SHIPPING,FARSTAD SHIPPING,FARSTAD SHIPPING,FARSTAD SHIPPING,FARSTAD SHIPPING,FARSTAD SHIPPING,FARSTAD SHIPPING,FARSTAD SHIPPING,,,,,,,F,F,
67,staff2_67,VINCI PARTNERS (FUNDOS),,,,,,,,VINCI PARTNERS (FUNDOS),VINCI PARTNERS (FUNDOS),VINCI PARTNERS (FUNDOS),,,,VINCI PARTNERS (FUNDOS),VINCI PARTNERS (FUNDOS),VINCI PARTNERS (FUNDOS),VINCI PARTNERS (FUNDOS),VINCI PARTNERS (FUNDOS),VINCI PARTNERS (FUNDOS),VINCI PARTNERS (FUNDOS),VINCI PARTNERS (FUNDOS),VINCI PARTNERS (FUNDOS),F,F,,,,,,,,,VINCI PARTNERS (FUNDOS),VINCI PARTNERS (FUNDOS),VINCI PARTNERS (FUNDOS),VINCI PARTNERS (FUNDOS),VINCI PARTNERS (FUNDOS),,,,,VINCI PARTNERS (FUNDOS),VINCI PARTNERS (FUNDOS),VINCI PARTNERS (FUNDOS),VINCI PARTNERS (FUNDOS),,,F,F,
68,staff2_68,,BEMISA (Opportunity),,,,,,,,,,BEMISA (Opportunity),BEMISA (Opportunity),BEMISA (Opportunity),BEMISA (Opportunity),,,,,,,,,F,F,BEMISA (Opportunity),BEMISA (Opportunity),BEMISA (Opportunity),BEMISA (Opportunity),BEMISA (Opportunity),BEMISA (Opportunity),BEMISA (Opportunity),BEMISA (Opportunity),BEMISA (Opportunity),BEMISA (Opportunity),BEMISA (Opportunity),BEMISA (Opportunity),BEMISA (Opportunity),,,,BEMISA (Opportunity),,,,,BEMISA (Opportunity),BEMISA (Opportunity),F,F,BEMISA (Opportunity)
69,staff2_69,,,BUREAU VERITAS,,BUREAU VERITAS,BUREAU VERITAS,BUREAU VERITAS,,,,,,,,BUREAU VERITAS,BUREAU VERITAS,BUREAU VERITAS,BUREAU VERITAS,BUREAU VERITAS,BUREAU VERITAS,BUREAU VERITAS,BUREAU VERITAS,BUREAU VERITAS,F,F,,,,,,,,,BUREAU VERITAS,BUREAU VERITAS,BUREAU VERITAS,BUREAU VERITAS,BUREAU VERITAS,BUREAU VERITAS,BUREAU VERITAS,BUREAU VERITAS,,BUREAU VERITAS,,,,,,F,F,
70,staff2_70,,,,BARCELOS,,,BARCELOS,BARCELOS,BARCELOS,,,,,BARCELOS,,,,,,,,,,F,F,BARCELOS,BARCELOS,BARCELOS,BARCELOS,BARCELOS,BARCELOS,BARCELOS,BARCELOS,BARCELOS,BARCELOS,BARCELOS,BARCELOS,BARCELOS,,,,,BARCELOS,BARCELOS,BARCELOS,BARCELOS,,,F,F,
71,staff2_71,PUIG O'NIQUE,,,,,,,,PUIG O'NIQUE,PUIG O'NIQUE,PUIG O'NIQUE,,,,PUIG O'NIQUE,PUIG O'NIQUE,PUIG O'NIQUE,PUIG O'NIQUE,PUIG O'NIQUE,PUIG O'NIQUE,PUIG O'NIQUE,PUIG O'NIQUE,PUIG O'NIQUE,F,F,,,,,,,,,PUIG O'NIQUE,PUIG O'NIQUE,PUIG O'NIQUE,PUIG O'NIQUE,PUIG O'NIQUE,,,,PUIG O'NIQUE,,,,,PUIG O'NIQUE,PUIG O'NIQUE,F,F,PUIG O'NIQUE
72,staff2_72,,S2,,,,,,,,,,S2,S2,S2,S2,,,,,,,,,F,F,S2,S2,S2,S2,S2,S2,S2,S2,S2,S2,S2,S2,S2,S2,S2,S2,,,S2,,,,,F,F,
73,staff2_73,,,CONEXA SAÚDE,,CONEXA SAÚDE,CONEXA SAÚDE,CONEXA SAÚDE,,,,,,,,,CONEXA SAÚDE,CONEXA SAÚDE,CONEXA SAÚDE,CONEXA SAÚDE,CONEXA SAÚDE,CONEXA SAÚDE,CONEXA SAÚDE,CONEXA SAÚDE,F,F,CONEXA SAÚDE,,,,,,,,CONEXA SAÚDE,CONEXA SAÚDE,CONEXA SAÚDE,CONEXA SAÚDE,CONEXA SAÚDE,,,,CONEXA SAÚDE,,CONEXA SAÚDE,CONEXA SAÚDE,CONEXA SAÚDE,,,F,F,
74,staff2_74,,,,MAN DIESEL & TURBO,,,MAN DIESEL & TURBO,MAN DIESEL & TURBO,MAN DIESEL & TURBO,,,,,MAN DIESEL & TURBO,,,,,,,,,,F,F,MAN DIESEL & TURBO,MAN DIESEL & TURBO,MAN DIESEL & TURBO,MAN DIESEL & TURBO,MAN DIESEL & TURBO,MAN DIESEL & TURBO,MAN DIESEL & TURBO,MAN DIESEL & TURBO,MAN DIESEL & TURBO,MAN DIESEL & TURBO,MAN DIESEL & TURBO,MAN DIESEL & TURBO,MAN DIESEL & TURBO,,,,,MAN DIESEL & TURBO,,,,MAN DIESEL & TURBO,MAN DIESEL & TURBO,F,F,MAN DIESEL & TURBO
75,staff2_75,AMOEDO,,,,,,,,AMOEDO,AMOEDO,AMOEDO,,,,AMOEDO,AMOEDO,AMOEDO,AMOEDO,AMOEDO,AMOEDO,AMOEDO,AMOEDO,AMOEDO,F,F,,,,,,,,,AMOEDO,AMOEDO,AMOEDO,AMOEDO,AMOEDO,AMOEDO,AMOEDO,AMOEDO,AMOEDO,,,,,,,F,F,
76,staff2_76,,DGPAR (ALL CARE),,,,,,,,,,DGPAR (ALL CARE),DGPAR (ALL CARE),DGPAR (ALL CARE),DGPAR (ALL CARE),,,,,,,,,F,F,DGPAR (ALL CARE),DGPAR (ALL CARE),DGPAR (ALL CARE),DGPAR (ALL CARE),DGPAR (ALL CARE),DGPAR (ALL CARE),DGPAR (ALL CARE),DGPAR (ALL CARE),DGPAR (ALL CARE),DGPAR (ALL CARE),DGPAR (ALL CARE),DGPAR (ALL CARE),DGPAR (ALL CARE),,,,,DGPAR (ALL CARE),DGPAR (ALL CARE),DGPAR (ALL CARE),DGPAR (ALL CARE),,,F,F,
77,staff2_77,,,Zeedog,,Zeedog,Zeedog,Zeedog,,,,,,,,Zeedog,Zeedog,Zeedog,Zeedog,Zeedog,Zeedog,Zeedog,Zeedog,Zeedog,F,F,,,,,,,,,Zeedog,Zeedog,Zeedog,Zeedog,Zeedog,,Zeedog,,,,,,,Zeedog,Zeedog,F,F,Zeedog
78,staff2_78,,,,SUBSEA 7,,,SUBSEA 7,SUBSEA 7,SUBSEA 7,,,,,SUBSEA 7,,,,,,,,,,F,F,SUBSEA 7,SUBSEA 7,SUBSEA 7,SUBSEA 7,SUBSEA 7,SUBSEA 7,SUBSEA 7,SUBSEA 7,SUBSEA 7,SUBSEA 7,SUBSEA 7,SUBSEA 7,SUBSEA 7,SUBSEA 7,SUBSEA 7,SUBSEA 7,SUBSEA 7,,,,,,,F,F,
79,staff2_79,ASPEN PHARMA,,,,,,,,ASPEN PHARMA,ASPEN PHARMA,ASPEN PHARMA,,,,ASPEN PHARMA,ASPEN PHARMA,ASPEN PHARMA,ASPEN PHARMA,ASPEN PHARMA,ASPEN PHARMA,ASPEN PHARMA,ASPEN PHARMA,ASPEN PHARMA,F,F,,,,,,,,,ASPEN PHARMA,ASPEN PHARMA,ASPEN PHARMA,ASPEN PHARMA,ASPEN PHARMA,,,,,ASPEN PHARMA,ASPEN PHARMA,ASPEN PHARMA,ASPEN PHARMA,,,F,F,
80,staff2_80,,ONS,,,,,,,,,,ONS,ONS,ONS,ONS,,,,,,,,,F,F,ONS,ONS,ONS,ONS,ONS,ONS,ONS,ONS,ONS,ONS,ONS,ONS,ONS,,,ONS,,,,,,ONS,ONS,F,F,ONS
81,staff2_81,,,ROCK CITY S.A.,,ROCK CITY S.A.,ROCK CITY S.A.,,,,,,,,,,,ROCK CITY S.A.,ROCK CITY S.A.,ROCK CITY S.A.,ROCK CITY S.A.,ROCK CITY S.A.,ROCK CITY S.A.,ROCK CITY S.A.,F,F,,,,,,,,,ROCK CITY S.A.,ROCK CITY S.A.,ROCK CITY S.A.,ROCK CITY S.A.,ROCK CITY S.A.,ROCK CITY S.A.,ROCK CITY S.A.,,ROCK CITY S.A.,,,,,,,F,F,
82,staff2_82,,,,VERDE AMBIENTAL,,,VERDE AMBIENTAL,VERDE AMBIENTAL,,,,,,VERDE AMBIENTAL,,,,,,,,,,F,F,VERDE AMBIENTAL,VERDE AMBIENTAL,VERDE AMBIENTAL,,VERDE AMBIENTAL,VERDE AMBIENTAL,VERDE AMBIENTAL,,VERDE AMBIENTAL,VERDE AMBIENTAL,VERDE AMBIENTAL,VERDE AMBIENTAL,VERDE AMBIENTAL,,,,,VERDE AMBIENTAL,,VERDE AMBIENTAL,VERDE AMBIENTAL,,,F,F,
83,staff2_83,ALL NATIONS,,,,,,,,,ALL NATIONS,ALL NATIONS,,,,,ALL NATIONS,,ALL NATIONS,ALL NATIONS,ALL NATIONS,,,,F,F,,,,,,ALL NATIONS,ALL NATIONS,ALL NATIONS,ALL NATIONS,ALL NATIONS,ALL NATIONS,ALL NATIONS,ALL NATIONS,,,,,,ALL NATIONS,,,,ALL NATIONS,F,F,ALL NATIONS
84,staff2_84,,CREB,,,,,,,,,,CREB,CREB,CREB,,,,,,,CREB,CREB,CREB,F,F,CREB,CREB,CREB,,,,,,CREB,CREB,CREB,CREB,CREB,CREB,CREB,CREB,,,,,,,,F,F,
85,staff2_85,,,FUNBIO,,FUNBIO,FUNBIO,,,,,,,,,,FUNBIO,,,,,,,,F,F,,,FUNBIO,FUNBIO,FUNBIO,FUNBIO,FUNBIO,FUNBIO,FUNBIO,FUNBIO,FUNBIO,FUNBIO,FUNBIO,,,,FUNBIO,,,FUNBIO,FUNBIO,,,F,F,
86,staff2_86,,,,MINERACAO MORRO DO IPE (MMI),,,MINERACAO MORRO DO IPE (MMI),MINERACAO MORRO DO IPE (MMI),,,,,,,,,MINERACAO MORRO DO IPE (MMI),MINERACAO MORRO DO IPE (MMI),MINERACAO MORRO DO IPE (MMI),MINERACAO MORRO DO IPE (MMI),MINERACAO MORRO DO IPE (MMI),MINERACAO MORRO DO IPE (MMI),MINERACAO MORRO DO IPE (MMI),F,F,,,,,,,,,MINERACAO MORRO DO IPE (MMI),MINERACAO MORRO DO IPE (MMI),MINERACAO MORRO DO IPE (MMI),MINERACAO MORRO DO IPE (MMI),MINERACAO MORRO DO IPE (MMI),,,,,MINERACAO MORRO DO IPE (MMI),,,,MINERACAO MORRO DO IPE (MMI),MINERACAO MORRO DO IPE (MMI),F,F,
87,staff2_87,CAMORIM,,,,,,,,,CAMORIM,CAMORIM,,,CAMORIM,,,,,,,,,CAMORIM,F,F,CAMORIM,CAMORIM,CAMORIM,CAMORIM,CAMORIM,,,,CAMORIM,CAMORIM,CAMORIM,CAMORIM,CAMORIM,,,,,,CAMORIM,,,,CAMORIM,F,F,CAMORIM
88,staff2_88,,SISTAC,,,,,,,,,,SISTAC,SISTAC,,,SISTAC,,SISTAC,SISTAC,SISTAC,,,,F,F,,,,,,SISTAC,SISTAC,SISTAC,SISTAC,SISTAC,SISTAC,SISTAC,SISTAC,SISTAC,SISTAC,SISTAC,,,,,,,,F,F,
89,staff2_89,,,DISTRIBUIDORA RECORD,,DISTRIBUIDORA RECORD,DISTRIBUIDORA RECORD,,,,,,,,,,,DISTRIBUIDORA RECORD,,,,DISTRIBUIDORA RECORD,DISTRIBUIDORA RECORD,DISTRIBUIDORA RECORD,F,F,DISTRIBUIDORA RECORD,DISTRIBUIDORA RECORD,DISTRIBUIDORA RECORD,,,,,,DISTRIBUIDORA RECORD,DISTRIBUIDORA RECORD,DISTRIBUIDORA RECORD,DISTRIBUIDORA RECORD,DISTRIBUIDORA RECORD,,,,DISTRIBUIDORA RECORD,,,DISTRIBUIDORA RECORD,DISTRIBUIDORA RECORD,,,F,F,
90,staff2_90,,,,MR. CAT (Grumari),,,MR. CAT (Grumari),MR. CAT (Grumari),,,,,,MR. CAT (Grumari),,,,,,,,,,F,F,,,MR. CAT (Grumari),MR. CAT (Grumari),MR. CAT (Grumari),MR. CAT (Grumari),MR. CAT (Grumari),MR. CAT (Grumari),MR. CAT (Grumari),MR. CAT (Grumari),MR. CAT (Grumari),MR. CAT (Grumari),MR. CAT (Grumari),,,,,MR. CAT (Grumari),,,,MR. CAT (Grumari),MR. CAT (Grumari),F,F,
91,staff2_91,Matrincha Transm. de Energia (MTE),,,,,,,,,Matrincha Transm. de Energia (MTE),Matrincha Transm. de Energia (MTE),,,,,Matrincha Transm. de Energia (MTE),,Matrincha Transm. de Energia (MTE),Matrincha Transm. de Energia (MTE),Matrincha Transm. de Energia (MTE),Matrincha Transm. de Energia (MTE),Matrincha Transm. de Energia (MTE),Matrincha Transm. de Energia (MTE),F,F,,,,,,,,,Matrincha Transm. de Energia (MTE),Matrincha Transm. de Energia (MTE),Matrincha Transm. de Energia (MTE),Matrincha Transm. de Energia (MTE),Matrincha Transm. de Energia (MTE),,,,,,Matrincha Transm. de Energia (MTE),,,,Matrincha Transm. de Energia (MTE),F,F,Matrincha Transm. de Energia (MTE)
92,staff2_92,,DESCOMPLICA,,,,,,,,,,DESCOMPLICA,DESCOMPLICA,,,,DESCOMPLICA,,,,,,DESCOMPLICA,F,F,DESCOMPLICA,DESCOMPLICA,DESCOMPLICA,DESCOMPLICA,DESCOMPLICA,,,,DESCOMPLICA,DESCOMPLICA,DESCOMPLICA,DESCOMPLICA,DESCOMPLICA,DESCOMPLICA,DESCOMPLICA,DESCOMPLICA,,,,,,,,F,F,
93,staff2_93,,,CORPSERVICES,,CORPSERVICES,CORPSERVICES,,,,,,,,CORPSERVICES,,,,CORPSERVICES,CORPSERVICES,CORPSERVICES,,,,F,F,,,,,,CORPSERVICES,CORPSERVICES,CORPSERVICES,CORPSERVICES,CORPSERVICES,CORPSERVICES,CORPSERVICES,CORPSERVICES,,,,CORPSERVICES,,,CORPSERVICES,CORPSERVICES,,,F,F,
94,staff2_94,,,,GLOBO - RADIOS,,,,GLOBO - RADIOS,GLOBO - RADIOS,,,,,,,GLOBO - RADIOS,,,,,GLOBO - RADIOS,GLOBO - RADIOS,GLOBO - RADIOS,F,F,GLOBO - RADIOS,GLOBO - RADIOS,GLOBO - RADIOS,,,,,,GLOBO - RADIOS,GLOBO - RADIOS,GLOBO - RADIOS,GLOBO - RADIOS,GLOBO - RADIOS,,,,,GLOBO - RADIOS,,,,GLOBO - RADIOS,GLOBO - RADIOS,F,F,
95,staff2_95,CERAS JOHNSON,,,,,,,,,CERAS JOHNSON,CERAS JOHNSON,,,,,,CERAS JOHNSON,,,,,,,F,F,,,CERAS JOHNSON,CERAS JOHNSON,CERAS JOHNSON,CERAS JOHNSON,CERAS JOHNSON,CERAS JOHNSON,CERAS JOHNSON,CERAS JOHNSON,CERAS JOHNSON,CERAS JOHNSON,CERAS JOHNSON,,,,,,CERAS JOHNSON,,,,CERAS JOHNSON,F,F,CERAS JOHNSON
96,staff2_96,,GLOBO - CAFÉ ORFEU,,,,,,,,,,GLOBO - CAFÉ ORFEU,GLOBO - CAFÉ ORFEU,GLOBO - CAFÉ ORFEU,,,,GLOBO - CAFÉ ORFEU,GLOBO - CAFÉ ORFEU,GLOBO - CAFÉ ORFEU,GLOBO - CAFÉ ORFEU,GLOBO - CAFÉ ORFEU,GLOBO - CAFÉ ORFEU,F,F,,,,,,,,,GLOBO - CAFÉ ORFEU,GLOBO - CAFÉ ORFEU,GLOBO - CAFÉ ORFEU,GLOBO - CAFÉ ORFEU,GLOBO - CAFÉ ORFEU,GLOBO - CAFÉ ORFEU,GLOBO - CAFÉ ORFEU,GLOBO - CAFÉ ORFEU,,,,,,,,F,F,
97,staff2_97,,,,,BIOMERIEUX,,,,,,,,,,,,,,BIOMERIEUX,BIOMERIEUX,BIOMERIEUX,BIOMERIEUX,,F,F,,,,,,,,,BIOMERIEUX,BIOMERIEUX,BIOMERIEUX,BIOMERIEUX,BIOMERIEUX,,,,,,,,BIOMERIEUX,,,F,F,
98,staff2_98,,,,,BIOMERIEUX,,,,,,,,,,,,,,BIOMERIEUX,BIOMERIEUX,BIOMERIEUX,BIOMERIEUX,,F,F,,,,,,,,,BIOMERIEUX,BIOMERIEUX,BIOMERIEUX,BIOMERIEUX,BIOMERIEUX,,,,,,,,BIOMERIEUX,,,F,F,
99,staff2_99,,,,,,COMSHELL SOC PREV. PRIVADA,,,,,,,,,,,,,,,,,,F,F,,COMSHELL SOC PREV. PRIVADA,COMSHELL SOC PREV. PRIVADA,COMSHELL SOC PREV. PRIVADA,COMSHELL SOC PREV. PRIVADA,,,,COMSHELL SOC PREV. PRIVADA,COMSHELL SOC PREV. PRIVADA,COMSHELL SOC PREV. PRIVADA,COMSHELL SOC PREV. PRIVADA,COMSHELL SOC PREV. PRIVADA,,,,,,,,,COMSHELL SOC PREV. PRIVADA,,F,F,
100,staff2_100,,,,,,COMSHELL SOC PREV. PRIVADA,,,,,,,,,,,,,,,,,,F,F,,COMSHELL SOC PREV. PRIVADA,COMSHELL SOC PREV. PRIVADA,COMSHELL SOC PREV. PRIVADA,COMSHELL SOC PREV. PRIVADA,,,,COMSHELL SOC PREV. PRIVADA,COMSHELL SOC PREV. PRIVADA,COMSHELL SOC PREV. PRIVADA,COMSHELL SOC PREV. PRIVADA,COMSHELL SOC PREV. PRIVADA,,,,,,,,,COMSHELL SOC PREV. PRIVADA,,F,F,
101,staff2_101,,,,,,,ECOPETROL,,,,,,,,,ECOPETROL,ECOPETROL,,,,,,,F,F,,,,,,,ECOPETROL,ECOPETROL,ECOPETROL,ECOPETROL,ECOPETROL,ECOPETROL,ECOPETROL,,,,,,,,,,ECOPETROL,F,F,
102,staff2_102,,,,,,,ECOPETROL,,,,,,,,,ECOPETROL,ECOPETROL,,,,,,,F,F,,,,,,,ECOPETROL,ECOPETROL,ECOPETROL,ECOPETROL,ECOPETROL,ECOPETROL,ECOPETROL,,,,,,,,,,ECOPETROL,F,F,
103,staff2_103,,,,,,,,GRUPO COMPONENTES (Opportunity) - Eletron,,,,,,,,,,GRUPO COMPONENTES (Opportunity) - Eletron,GRUPO COMPONENTES (Opportunity) - Eletron,,GRUPO COMPONENTES (Opportunity) - Eletron,GRUPO COMPONENTES (Opportunity) - Eletron,,F,F,,,,,,,,,GRUPO COMPONENTES (Opportunity) - Eletron,GRUPO COMPONENTES (Opportunity) - Eletron,GRUPO COMPONENTES (Opportunity) - Eletron,GRUPO COMPONENTES (Opportunity) - Eletron,GRUPO COMPONENTES (Opportunity) - Eletron,,,,,,,,,,,F,F,GRUPO COMPONENTES (Opportunity) - Eletron
104,staff2_104,,,,,,,,GRUPO COMPONENTES (Opportunity) - Eletron,,,,,,,,,,GRUPO COMPONENTES (Opportunity) - Eletron,GRUPO COMPONENTES (Opportunity) - Eletron,,GRUPO COMPONENTES (Opportunity) - Eletron,GRUPO COMPONENTES (Opportunity) - Eletron,,F,F,,,,,,,,,GRUPO COMPONENTES (Opportunity) - Eletron,GRUPO COMPONENTES (Opportunity) - Eletron,GRUPO COMPONENTES (Opportunity) - Eletron,GRUPO COMPONENTES (Opportunity) - Eletron,GRUPO COMPONENTES (Opportunity) - Eletron,,,,,,,,,,,F,F,GRUPO COMPONENTES (Opportunity) - Eletron
105,staff2_105,,,,,,,,,NEW WAVE,,,,,,,,,,,,,,,F,F,,NEW WAVE,NEW WAVE,NEW WAVE,NEW WAVE,,,,NEW WAVE,NEW WAVE,NEW WAVE,NEW WAVE,NEW WAVE,NEW WAVE,,,,,,,,,,F,F,
106,staff2_106,,,,,,,,,NEW WAVE,,,,,,,,,,,,,,,F,F,,NEW WAVE,NEW WAVE,NEW WAVE,NEW WAVE,,,,NEW WAVE,NEW WAVE,NEW WAVE,NEW WAVE,NEW WAVE,NEW WAVE,,,,,,,,,,F,F,
107,staff2_107,,,,,,,,,,UNIVERSAL MUSICAL,,,,,,,,,,,,,,F,F,,,,,UNIVERSAL MUSICAL,UNIVERSAL MUSICAL,UNIVERSAL MUSICAL,UNIVERSAL MUSICAL,UNIVERSAL MUSICAL,UNIVERSAL MUSICAL,UNIVERSAL MUSICAL,UNIVERSAL MUSICAL,UNIVERSAL MUSICAL,,,,,,,UNIVERSAL MUSICAL,,,,F,F,
108,staff2_108,,,,,,,,,,UNIVERSAL MUSICAL,,,,,,,,,,,,,,F,F,,,,,UNIVERSAL MUSICAL,UNIVERSAL MUSICAL,UNIVERSAL MUSICAL,UNIVERSAL MUSICAL,UNIVERSAL MUSICAL,UNIVERSAL MUSICAL,UNIVERSAL MUSICAL,UNIVERSAL MUSICAL,UNIVERSAL MUSICAL,,,,,,,UNIVERSAL MUSICAL,,,,F,F,
109,staff2_109,,,,,,,,,,,MANUCHAR,,,,MANUCHAR,MANUCHAR,MANUCHAR,MANUCHAR,,,,,,F,F,,,,,,,,,MANUCHAR,MANUCHAR,MANUCHAR,MANUCHAR,MANUCHAR,,,,,,,,MANUCHAR,,,F,F,
110,staff2_110,,,,,,,,,,,MANUCHAR,,,,MANUCHAR,MANUCHAR,MANUCHAR,MANUCHAR,,,,,,F,F,,,,,,,,,MANUCHAR,MANUCHAR,MANUCHAR,MANUCHAR,MANUCHAR,,,,,,,,MANUCHAR,,,F,F,
111,staff2_111,,,,,,,,,,,,OCEANEERING,,,,,,,OCEANEERING,OCEANEERING,OCEANEERING,OCEANEERING,,F,F,,,,,,,,,OCEANEERING,OCEANEERING,OCEANEERING,OCEANEERING,OCEANEERING,,,,,,,,,OCEANEERING,,F,F,
112,staff2_112,,,,,,,,,,,,OCEANEERING,,,,,,,OCEANEERING,OCEANEERING,OCEANEERING,OCEANEERING,,F,F,,,,,,,,,OCEANEERING,OCEANEERING,OCEANEERING,OCEANEERING,OCEANEERING,,,,,,,,,OCEANEERING,,F,F,
113,staff2_113,,,,,,,,,,,,,FERNANDES ARAÚJO,,,,,,,,,,,F,F,,FERNANDES ARAÚJO,FERNANDES ARAÚJO,FERNANDES ARAÚJO,FERNANDES ARAÚJO,,,,FERNANDES ARAÚJO,FERNANDES ARAÚJO,FERNANDES ARAÚJO,FERNANDES ARAÚJO,FERNANDES ARAÚJO,,,,,,,,,,FERNANDES ARAÚJO,F,F,
114,staff2_114,,,,,,,,,,,,,FERNANDES ARAÚJO,,,,,,,,,,,F,F,,FERNANDES ARAÚJO,FERNANDES ARAÚJO,FERNANDES ARAÚJO,FERNANDES ARAÚJO,,,,FERNANDES ARAÚJO,FERNANDES ARAÚJO,FERNANDES ARAÚJO,FERNANDES ARAÚJO,FERNANDES ARAÚJO,,,,,,,,,,FERNANDES ARAÚJO,F,F,
115,staff2_115,,,,,Guaraciaba Transmissora de Energia,,,,,,,,,,,,,,,,,,,F,F,,,,,Guaraciaba Transmissora de Energia,Guaraciaba Transmissora de Energia,Guaraciaba Transmissora de Energia,Guaraciaba Transmissora de Energia,Guaraciaba Transmissora de Energia,Guaraciaba Transmissora de Energia,Guaraciaba Transmissora de Energia,Guaraciaba Transmissora de Energia,Guaraciaba Transmissora de Energia,,,,,,,,,,,F,F,Guaraciaba Transmissora de Energia
116,staff2_116,,,,,Guaraciaba Transmissora de Energia,,,,,,,,,,,,,,,,,,,F,F,,,,,Guaraciaba Transmissora de Energia,Guaraciaba Transmissora de Energia,Guaraciaba Transmissora de Energia,Guaraciaba Transmissora de Energia,Guaraciaba Transmissora de Energia,Guaraciaba Transmissora de Energia,Guaraciaba Transmissora de Energia,Guaraciaba Transmissora de Energia,Guaraciaba Transmissora de Energia,,,,,,,,,,,F,F,Guaraciaba Transmissora de Energia
117,staff2_117,,,,,,GLOBO - ED. GLOBO COND NAST,,,,,,,,,GLOBO - ED. GLOBO COND NAST,GLOBO - ED. GLOBO COND NAST,GLOBO - ED. GLOBO COND NAST,GLOBO - ED. GLOBO COND NAST,,,,,,F,F,,,,,,,,,GLOBO - ED. GLOBO COND NAST,GLOBO - ED. GLOBO COND NAST,GLOBO - ED. GLOBO COND NAST,GLOBO - ED. GLOBO COND NAST,GLOBO - ED. GLOBO COND NAST,GLOBO - ED. GLOBO COND NAST,,,,,,,,,,F,F,
118,staff2_118,,,,,,GLOBO - ED. GLOBO COND NAST,,,,,,,,,GLOBO - ED. GLOBO COND NAST,GLOBO - ED. GLOBO COND NAST,GLOBO - ED. GLOBO COND NAST,GLOBO - ED. GLOBO COND NAST,,,,,,F,F,,,,,,,,,GLOBO - ED. GLOBO COND NAST,GLOBO - ED. GLOBO COND NAST,GLOBO - ED. GLOBO COND NAST,GLOBO - ED. GLOBO COND NAST,GLOBO - ED. GLOBO COND NAST,GLOBO - ED. GLOBO COND NAST,,,,,,,,,,F,F,
119,staff2_119,,,,,,,DILETTO (Sardinia Investimentos),,,,,,,,,,,,DILETTO (Sardinia Investimentos),DILETTO (Sardinia Investimentos),DILETTO (Sardinia Investimentos),DILETTO (Sardinia Investimentos),,F,F,,,,,,,,,DILETTO (Sardinia Investimentos),DILETTO (Sardinia Investimentos),DILETTO (Sardinia Investimentos),DILETTO (Sardinia Investimentos),DILETTO (Sardinia Investimentos),,,,,,,DILETTO (Sardinia Investimentos),,,,F,F,
120,staff2_120,,,,,,,DILETTO (Sardinia Investimentos),,,,,,,,,,,,DILETTO (Sardinia Investimentos),DILETTO (Sardinia Investimentos),DILETTO (Sardinia Investimentos),DILETTO (Sardinia Investimentos),,F,F,,,,,,,,,DILETTO (Sardinia Investimentos),DILETTO (Sardinia Investimentos),DILETTO (Sardinia Investimentos),DILETTO (Sardinia Investimentos),DILETTO (Sardinia Investimentos),,,,,,,DILETTO (Sardinia Investimentos),,,,F,F,
121,staff2_121,,,,,,,,GME AEROSPACE,,,,,,,,,,,,,,,,F,F,,GME AEROSPACE,GME AEROSPACE,GME AEROSPACE,GME AEROSPACE,,,,GME AEROSPACE,GME AEROSPACE,GME AEROSPACE,GME AEROSPACE,GME AEROSPACE,,,,,,,,GME AEROSPACE,,,F,F,
122,staff2_122,,,,,,,,GME AEROSPACE,,,,,,,,,,,,,,,,F,F,,GME AEROSPACE,GME AEROSPACE,GME AEROSPACE,GME AEROSPACE,,,,GME AEROSPACE,GME AEROSPACE,GME AEROSPACE,GME AEROSPACE,GME AEROSPACE,,,,,,,,GME AEROSPACE,,,F,F,
123,staff2_123,,,,,,,,,GEFCO,,,,,,,,,,,,,,,F,F,,,,,GEFCO,GEFCO,GEFCO,GEFCO,GEFCO,GEFCO,GEFCO,GEFCO,GEFCO,,,,,,,,,GEFCO,,F,F,
124,staff2_124,,,,,,,,,GEFCO,,,,,,,,,,,,,,,F,F,,,,,GEFCO,GEFCO,GEFCO,GEFCO,GEFCO,GEFCO,GEFCO,GEFCO,GEFCO,,,,,,,,,GEFCO,,F,F,
125,staff2_125,,,,,,,,,,DINACO,,,,,DINACO,DINACO,DINACO,DINACO,,,,,,F,F,,,,,,,,,DINACO,DINACO,DINACO,DINACO,DINACO,,,,,,,,,,DINACO,F,F,
126,staff2_126,,,,,,,,,,DINACO,,,,,DINACO,DINACO,DINACO,DINACO,,,,,,F,F,,,,,,,,,DINACO,DINACO,DINACO,DINACO,DINACO,,,,,,,,,,DINACO,F,F,
127,staff2_127,,,,,,,,,,,GLOBO - FRM/C.FUTURA,,,,,,,,GLOBO - FRM/C.FUTURA,GLOBO - FRM/C.FUTURA,GLOBO - FRM/C.FUTURA,GLOBO - FRM/C.FUTURA,,F,F,,,,,,,,,GLOBO - FRM/C.FUTURA,GLOBO - FRM/C.FUTURA,GLOBO - FRM/C.FUTURA,GLOBO - FRM/C.FUTURA,GLOBO - FRM/C.FUTURA,,,,,,,,,,,F,F,GLOBO - FRM/C.FUTURA
128,staff2_128,,,,,,,,,,,GLOBO - FRM/C.FUTURA,,,,,,,,GLOBO - FRM/C.FUTURA,GLOBO - FRM/C.FUTURA,GLOBO - FRM/C.FUTURA,GLOBO - FRM/C.FUTURA,,F,F,,,,,,,,,GLOBO - FRM/C.FUTURA,GLOBO - FRM/C.FUTURA,GLOBO - FRM/C.FUTURA,GLOBO - FRM/C.FUTURA,GLOBO - FRM/C.FUTURA,,,,,,,,,,,F,F,GLOBO - FRM/C.FUTURA
129,staff2_129,,,,,,,,,,,,Orthopride (PRKS),,,,,,,,,,,,F,F,Orthopride (PRKS),Orthopride (PRKS),Orthopride (PRKS),Orthopride (PRKS),,,,,Orthopride (PRKS),Orthopride (PRKS),Orthopride (PRKS),Orthopride (PRKS),Orthopride (PRKS),Orthopride (PRKS),,,,,,,,,,F,F,
130,staff2_130,,,,,,,,,,,,Orthopride (PRKS),,,,,,,,,,,,F,F,Orthopride (PRKS),Orthopride (PRKS),Orthopride (PRKS),Orthopride (PRKS),,,,,Orthopride (PRKS),Orthopride (PRKS),Orthopride (PRKS),Orthopride (PRKS),Orthopride (PRKS),Orthopride (PRKS),,,,,,,,,,F,F,
131,staff2_131,,,,,,,,,,,,,TULIP CAMPOS HOTELARIA,,,,,,,,,,,F,F,,,,,TULIP CAMPOS HOTELARIA,TULIP CAMPOS HOTELARIA,TULIP CAMPOS HOTELARIA,TULIP CAMPOS HOTELARIA,TULIP CAMPOS HOTELARIA,TULIP CAMPOS HOTELARIA,TULIP CAMPOS HOTELARIA,TULIP CAMPOS HOTELARIA,TULIP CAMPOS HOTELARIA,,,,,,,TULIP CAMPOS HOTELARIA,,,,F,F,
132,staff2_132,,,,,,,,,,,,,TULIP CAMPOS HOTELARIA,,,,,,,,,,,F,F,,,,,TULIP CAMPOS HOTELARIA,TULIP CAMPOS HOTELARIA,TULIP CAMPOS HOTELARIA,TULIP CAMPOS HOTELARIA,TULIP CAMPOS HOTELARIA,TULIP CAMPOS HOTELARIA,TULIP CAMPOS HOTELARIA,TULIP CAMPOS HOTELARIA,TULIP CAMPOS HOTELARIA,,,,,,,TULIP CAMPOS HOTELARIA,,,,F,F,
133,staff2_133,,,,,KOMPASS ENERGIA,,,,,,,,,,KOMPASS ENERGIA,KOMPASS ENERGIA,KOMPASS ENERGIA,KOMPASS ENERGIA,,,,,,F,F,,,,,,,,,KOMPASS ENERGIA,KOMPASS ENERGIA,KOMPASS ENERGIA,KOMPASS ENERGIA,KOMPASS ENERGIA,,,,,,,,KOMPASS ENERGIA,,,F,F,
134,staff2_134,,,,,KOMPASS ENERGIA,,,,,,,,,,KOMPASS ENERGIA,KOMPASS ENERGIA,KOMPASS ENERGIA,KOMPASS ENERGIA,,,,,,F,F,,,,,,,,,KOMPASS ENERGIA,KOMPASS ENERGIA,KOMPASS ENERGIA,KOMPASS ENERGIA,KOMPASS ENERGIA,,,,,,,,KOMPASS ENERGIA,,,F,F,
135,staff2_135,,,,,,AXXON (RHMED),,,,,,,,,,,,,AXXON (RHMED),AXXON (RHMED),AXXON (RHMED),AXXON (RHMED),,F,F,,,,,,,,,AXXON (RHMED),AXXON (RHMED),AXXON (RHMED),AXXON (RHMED),AXXON (RHMED),,,,,,,,,AXXON (RHMED),,F,F,
136,staff2_136,,,,,,AXXON (RHMED),,,,,,,,,,,,,AXXON (RHMED),AXXON (RHMED),AXXON (RHMED),AXXON (RHMED),,F,F,,,,,,,,,AXXON (RHMED),AXXON (RHMED),AXXON (RHMED),AXXON (RHMED),AXXON (RHMED),,,,,,,,,AXXON (RHMED),,F,F,
137,staff2_137,,,,,,,,,,,,,,,,,,,,,,,,F,F,,QV SAUDE,,QV SAUDE,,,,,QV SAUDE,QV SAUDE,QV SAUDE,QV SAUDE,QV SAUDE,,,,,,,,,,,F,F,
138,staff2_138,,,,,,,,,,,,,,,,,,,,,,,,F,F,,,,,,ESSECO DO BRASIL,,ESSECO DO BRASIL,ESSECO DO BRASIL,ESSECO DO BRASIL,ESSECO DO BRASIL,ESSECO DO BRASIL,ESSECO DO BRASIL,,,,,,,,,,,F,F,
139,staff2_139,,,,,,,,,,,,,,,EVER BRASIL ,EVER BRASIL ,,,,,,,,F,F,,,,,,,,,EVER BRASIL ,EVER BRASIL ,EVER BRASIL ,EVER BRASIL ,EVER BRASIL ,,,,,,,,,,,F,F,
140,staff2_140,,,,,,,,,,,,,,,,,OMPI DO BRASIL ,,OMPI DO BRASIL ,,,,,F,F,,,,,,,,,OMPI DO BRASIL ,OMPI DO BRASIL ,OMPI DO BRASIL ,OMPI DO BRASIL ,OMPI DO BRASIL ,,,,,,,,,,,F,F,
141,staff2_141,,,,,,,,,,,,,,,,,,,,,,PETRO CHINA,,F,F,,PETRO CHINA,,,,,,,PETRO CHINA,PETRO CHINA,PETRO CHINA,PETRO CHINA,PETRO CHINA,,,,,,,,,,,F,F,
142,staff2_142,,,,,,,,,,,,,,,,,,,,,,,,F,F,,,,SuaTV e Influency.me,,SuaTV e Influency.me,,,SuaTV e Influency.me,SuaTV e Influency.me,SuaTV e Influency.me,SuaTV e Influency.me,SuaTV e Influency.me,,,,,,,,,,,F,F,
143,staff2_143,,,,,,,,,,,,,,,"CLARKE, MODET Y CIA. S.L. BRASIL",,,,,,,,,F,F,,,,,,,,"CLARKE, MODET Y CIA. S.L. BRASIL","CLARKE, MODET Y CIA. S.L. BRASIL","CLARKE, MODET Y CIA. S.L. BRASIL","CLARKE, MODET Y CIA. S.L. BRASIL","CLARKE, MODET Y CIA. S.L. BRASIL","CLARKE, MODET Y CIA. S.L. BRASIL",,,,,,,,,,,F,F,
144,staff2_144,,,,,,,,,,,,,,,,HI MIDIA,HI MIDIA,,,,,,,F,F,,,,,,,,,HI MIDIA,HI MIDIA,HI MIDIA,HI MIDIA,HI MIDIA,,,,,,,,,,,F,F,
145,staff2_145,,,,,,,,,,,,,,,,,,,ARCHER,ARCHER,,,,F,F,,,,,,,,,ARCHER,ARCHER,ARCHER,ARCHER,ARCHER,,,,,,,,,,,F,F,
146,staff2_146,,,,,,,,,,,,,,,,,,,,,,STEAG,,F,F,,STEAG,,,,,,,STEAG,STEAG,STEAG,STEAG,STEAG,,,,,,,,,,,F,F,
147,staff2_147,,,,,,,,,,,,,,,,,,,,,,,,F,F,,,,Fundação Euclides da Cunha,,Fundação Euclides da Cunha,,,Fundação Euclides da Cunha,Fundação Euclides da Cunha,Fundação Euclides da Cunha,Fundação Euclides da Cunha,Fundação Euclides da Cunha,,,,,,,,,,,F,F,
148,staff2_148,,,,,,,,,,,,,,,UFI Filter,,,,,,,,,F,F,,,,,,,,UFI Filter,UFI Filter,UFI Filter,UFI Filter,UFI Filter,UFI Filter,,,,,,,,,,,F,F,
149,staff2_149,,,,,,,,,,,,,,,,QUANTUM,QUANTUM,,,,,,,F,F,,,,,,,,,QUANTUM,QUANTUM,QUANTUM,QUANTUM,QUANTUM,,,,,,,,,,,F,F,
150,staff2_150,,,,,,,,,,,,,,,,,,MARLIN AZUL,MARLIN AZUL,,,,,F,F,,,,,,,,,MARLIN AZUL,MARLIN AZUL,MARLIN AZUL,MARLIN AZUL,MARLIN AZUL,,,,,,,,,,,F,F,
151,staff2_151,,,,,,,,,,,,,,,,,,,,GREEN OIL,GREEN OIL,,,F,F,,,,,,,,,GREEN OIL,GREEN OIL,GREEN OIL,GREEN OIL,GREEN OIL,,,,,,,,,,,F,F,
152,staff2_152,,,,,,,,,,,,,,,,,,,,,,FUNDO PATRIMONIAL RJZ,,F,F,,FUNDO PATRIMONIAL RJZ,,,,,,,FUNDO PATRIMONIAL RJZ,FUNDO PATRIMONIAL RJZ,FUNDO PATRIMONIAL RJZ,FUNDO PATRIMONIAL RJZ,FUNDO PATRIMONIAL RJZ,,,,,,,,,,,F,F,
153,staff2_153,,,,,,,,,,,,,,,,,,,,,,,,F,F,,,,INSTITUTO DA CRIANÇA,,INSTITUTO DA CRIANÇA,,,INSTITUTO DA CRIANÇA,INSTITUTO DA CRIANÇA,INSTITUTO DA CRIANÇA,INSTITUTO DA CRIANÇA,INSTITUTO DA CRIANÇA,,,,,,,,,,,F,F,
154,staff2_154,,,,,,,,,,,,,,,,,,,,,,,,F,F,,,,,,,CONFIANCE MEDICAL,CONFIANCE MEDICAL,CONFIANCE MEDICAL,CONFIANCE MEDICAL,CONFIANCE MEDICAL,CONFIANCE MEDICAL,CONFIANCE MEDICAL,,,,,,,,,,,F,F,
155,staff2_155,,,,,,,,,,,,,,,GLOBO - AERO RIO,GLOBO - AERO RIO,,,,,,,,F,F,,,,,,,,,GLOBO - AERO RIO,GLOBO - AERO RIO,GLOBO - AERO RIO,GLOBO - AERO RIO,GLOBO - AERO RIO,,,,,,,,,,,F,F,
156,staff2_156,,,,,,,,,,,,,,,,,FAZENDA FUTURO,FAZENDA FUTURO,,,,,,F,F,,,,,,,,,FAZENDA FUTURO,FAZENDA FUTURO,FAZENDA FUTURO,FAZENDA FUTURO,FAZENDA FUTURO,,,,,,,,,,,F,F,
157,staff2_157,,,,,,,,,,,,,,,,,,,VITOL,VITOL,,,,F,F,,,,,,,,,VITOL,VITOL,VITOL,VITOL,VITOL,,,,,,,,,,,F,F,
158,staff2_158,,,,,,,,,,,,,,,,,,,,,NAVAL GROUP,NAVAL GROUP,,F,F,,,,,,,,,NAVAL GROUP,NAVAL GROUP,NAVAL GROUP,NAVAL GROUP,NAVAL GROUP,,,,,,,,,,,F,F,
159,staff2_159,,,,,,,,,,,,,,,,,,,,,,,,F,F,,Geogas,Geogas,,,,,,Geogas,Geogas,Geogas,Geogas,Geogas,,,,,,,,,,,F,F,
160,staff2_160,,,,,,,,,,,,,,,,,,,,,,,,F,F,,,,ARAGUAIA/DESIDERATA,,ARAGUAIA/DESIDERATA,,,ARAGUAIA/DESIDERATA,ARAGUAIA/DESIDERATA,ARAGUAIA/DESIDERATA,ARAGUAIA/DESIDERATA,ARAGUAIA/DESIDERATA,,,,,,,,,,,F,F,
161,staff2_161,,,,,,,,,,,,,,,,,,,,,,,,F,F,,,,,,,CALEFFI BRASIL AUP,CALEFFI BRASIL AUP,CALEFFI BRASIL AUP,CALEFFI BRASIL AUP,CALEFFI BRASIL AUP,CALEFFI BRASIL AUP,CALEFFI BRASIL AUP,,,,,,,,,,,F,F,
162,staff2_162,,,,,,,,,,,,,,,Planeta / DeAgostini,Planeta / DeAgostini,,,,,,,,F,F,,,,,,,,,Planeta / DeAgostini,Planeta / DeAgostini,Planeta / DeAgostini,Planeta / DeAgostini,Planeta / DeAgostini,,,,,,,,,,,F,F,
163,staff2_163,,,,,,,,,,,,,,,,,TI LATAM AUP,TI LATAM AUP,,,,,,F,F,,,,,,,,,TI LATAM AUP,TI LATAM AUP,TI LATAM AUP,TI LATAM AUP,TI LATAM AUP,,,,,,,,,,,F,F,
164,staff2_164,,,,,,,,,,,,,,,,,,,ALLSEAS,ALLSEAS,,,,F,F,,,,,,,,,ALLSEAS,ALLSEAS,ALLSEAS,ALLSEAS,ALLSEAS,,,,,,,,,,,F,F,
165,staff2_165,,,,,,,,,,,,,,,,,,,,,COCA COLA INSTITUTO,COCA COLA INSTITUTO,,F,F,,,,,,,,,COCA COLA INSTITUTO,COCA COLA INSTITUTO,COCA COLA INSTITUTO,COCA COLA INSTITUTO,COCA COLA INSTITUTO,,,,,,,,,,,F,F,
